<xml>
 <item>
  <title>Face Off</title>
  <meta>
   <content>movie</content>
   <imdb>tt0119094</imdb>
   <title>Face Off</title>
   <year>1997</year>
  </meta>
  <link>
  <sublink>search</sublink>
  </link>
  <thumbnail>https://images-na.ssl-images-amazon.com/images/M/MV5BYzFjNzIxMmEtMzY5NS00YTgzLTkwYWEtN2FjMmY0NmNkZWY3XkEyXkFqcGdeQXVyMTQxNzMzNDI@._V1_.jpg</thumbnail>
 </item>
 
<item>
  <title>Fight Club</title>
  <meta>
   <content>movie</content>
   <imdb>tt0137523</imdb>
   <title>Fight Club</title>
   <year>1999</year>
  </meta>
  <link>
  <sublink>search</sublink>
  </link>
  <thumbnail>https://m.media-amazon.com/images/M/MV5BMjJmYTNkNmItYjYyZC00MGUxLWJhNWMtZDY4Nzc1MDAwMzU5XkEyXkFqcGdeQXVyNzkwMjQ5NzM@._V1_SY1000_CR0,0,676,1000_AL_.jpg</thumbnail>
 </item>

<item>
  <title>FootLoose</title>
  <meta>
   <content>movie</content>
   <imdb>tt0087277</imdb>
   <title>FootLoose</title>
   <year>1984</year>
  </meta>
  <link>
  <sublink>search</sublink>
  </link>
  <thumbnail>https://m.media-amazon.com/images/M/MV5BYTE2NjQ1MjQtOTdmNi00NjJmLWJlYTItNmFhYzBmMWM4NTQ1XkEyXkFqcGdeQXVyMTQxNzMzNDI@._V1_.jpg</thumbnail>
 </item>
 
<item>
  <title>FootLoose</title>
  <meta>
   <content>movie</content>
   <imdb>tt1068242</imdb>
   <title>FootLoose</title>
   <year>2011</year>
  </meta>
  <link>
  <sublink>search</sublink>
  </link>
  <thumbnail>https://images-na.ssl-images-amazon.com/images/M/MV5BMTY3MjIzMjk4M15BMl5BanBnXkFtZTcwMzMxMzIzNg@@._V1_SY1000_CR0,0,639,1000_AL_.jpg</thumbnail>
 </item>
 
<item>
  <title>Forrest Gump</title>
  <meta>
   <content>movie</content>
   <imdb>tt0109830</imdb>
   <title>Forrest Gump</title>
   <year>1994</year>
  </meta>
  <link>
  <sublink>search</sublink>
  <sublink>searchsd</sublink>
  </link>
  <thumbnail>https://images-na.ssl-images-amazon.com/images/M/MV5BNWIwODRlZTUtY2U3ZS00Yzg1LWJhNzYtMmZiYmEyNmU1NjMzXkEyXkFqcGdeQXVyMTQxNzMzNDI@._V1_.jpg</thumbnail>
 </item>
 
<item>
  <title>Frequency</title>
  <meta>
   <content>movie</content>
   <imdb>tt0186151</imdb>
   <title>Frequency</title>
   <year>2000</year>
  </meta>
  <link>
  <sublink>search</sublink>
  <sublink>searchsd</sublink>
  </link>
  <thumbnail>https://images-na.ssl-images-amazon.com/images/M/MV5BMTI4NTgyOTIxN15BMl5BanBnXkFtZTYwMTUwODY3._V1_.jpg</thumbnail>
 </item>
 
<item>
  <title>From Paris with Love</title>
  <meta>
   <content>movie</content>
   <imdb>tt1179034</imdb>
   <title>From Paris with Love</title>
   <year>2010</year>
  </meta>
  <link>
  <sublink>search</sublink>
  </link>
  <thumbnail>https://images-na.ssl-images-amazon.com/images/M/MV5BODAwMDFjNjktMWY2Mi00MmVhLWI0MjYtNzg4OTI0NzA5YzBjXkEyXkFqcGdeQXVyNTIzOTk5ODM@._V1_SY1000_CR0,0,674,1000_AL_.jpg</thumbnail>
 </item>
 
<item>
  <title>Full Metal Jacket</title>
  <meta>
   <content>movie</content>
   <imdb>tt0093058</imdb>
   <title>Full Metal Jacket</title>
   <year>1987</year>
  </meta>
  <link>
  <sublink>search</sublink>
  <sublink>searchsd</sublink>
  </link>
  <thumbnail>https://images-na.ssl-images-amazon.com/images/M/MV5BNzc2ZThkOGItZGY5YS00MDYwLTkyOTAtNDRmZWIwMGRhYTc0L2ltYWdlXkEyXkFqcGdeQXVyNjU0OTQ0OTY@._V1_SY1000_CR0,0,656,1000_AL_.jpg</thumbnail>
 </item>
 
<item>
  <title>Geostorm</title>
  <meta>
   <content>movie</content>
   <imdb>tt1981128</imdb>
   <title>Geostorm</title>
   <year>2017</year>
  </meta>
  <link>
  <sublink>search</sublink>
  </link>
  <thumbnail>https://images-na.ssl-images-amazon.com/images/M/MV5BMTA0OTQwMTIxNzheQTJeQWpwZ15BbWU4MDQ1MzI3OTMy._V1_.jpg</thumbnail>
 </item>
 
<item>
  <title>Gladiator</title>
  <meta>
   <content>movie</content>
   <imdb>tt0172495</imdb>
   <title>Gladiator</title>
   <year>2000</year>
  </meta>
  <link>
  <sublink>search</sublink>
  </link>
  <thumbnail>https://images-na.ssl-images-amazon.com/images/M/MV5BMDliMmNhNDEtODUyOS00MjNlLTgxODEtN2U3NzIxMGVkZTA1L2ltYWdlXkEyXkFqcGdeQXVyNjU0OTQ0OTY@._V1_SY1000_CR0,0,675,1000_AL_.jpg</thumbnail>
 </item>
 
<item>
  <title>Gone in Sixty Seconds</title>
  <meta>
   <content>movie</content>
   <imdb>tt0187078</imdb>
   <title>Gone in Sixty Seconds</title>
   <year>2000</year>
  </meta>
  <link>
  <sublink>search</sublink>
  </link>
  <thumbnail>https://images-na.ssl-images-amazon.com/images/M/MV5BMTIwMzExNDEwN15BMl5BanBnXkFtZTYwODMxMzg2._V1_.jpg</thumbnail>
 </item>
 
<item>
  <title>Guardians of the Galaxy</title>
  <meta>
   <content>movie</content>
   <imdb>tt2015381</imdb>
   <title>Guardians of the Galaxy</title>
   <year>2014</year>
  </meta>
  <link>
  <sublink>search</sublink>
  </link>
  <thumbnail>https://images-na.ssl-images-amazon.com/images/M/MV5BMTAwMjU5OTgxNjZeQTJeQWpwZ15BbWU4MDUxNDYxODEx._V1_SY1000_CR0,0,674,1000_AL_.jpg</thumbnail>
 </item>
 
<item>
  <title>Guardians of the Galaxy Vol. 2</title>
  <meta>
   <content>movie</content>
   <imdb>tt3896198</imdb>
   <title>Guardians of the Galaxy Vol. 2</title>
   <year>2017</year>
  </meta>
  <link>
  <sublink>search</sublink>
  </link>
  <thumbnail>https://images-na.ssl-images-amazon.com/images/M/MV5BMTg2MzI1MTg3OF5BMl5BanBnXkFtZTgwNTU3NDA2MTI@._V1_SY1000_CR0,0,674,1000_AL_.jpg</thumbnail>
 </item>
 
<item>
    <title>Hamburger Hill</title>
    <meta>
        <content>movie</content>
        <imdb>tt0093137</imdb>
        <title>Hamburger Hill</title>
        <year>1987</year>
    </meta>
    <link>
    <sublink>search</sublink>
    </link>
    <thumbnail>https://images-na.ssl-images-amazon.com/images/M/MV5BZWQ3NWI5NDYtMGNiZS00MTNhLTk4ODItNWM2NTcyNjFiMTljL2ltYWdlXkEyXkFqcGdeQXVyNTAyODkwOQ@@._V1_SY1000_CR0,0,639,1000_AL_.jpg</thumbnail>
</item>
 
 
<item>
  <title>Independence Day</title>
  <meta>
   <content>movie</content>
   <imdb>tt0116629</imdb>
   <title>Independence Day</title>
   <year>1996</year>
  </meta>
  <link>
  <sublink>search</sublink>
  </link>
  <thumbnail>https://images-na.ssl-images-amazon.com/images/M/MV5BMGQwNDNkMmItYWY1Yy00YTZmLWE5OTAtODU0MGZmMzQ1NDdkXkEyXkFqcGdeQXVyMTQxNzMzNDI@._V1_SY1000_CR0,0,666,1000_AL_.jpg</thumbnail>
 </item>
 
<item>
  <title>Independence Day: Resurgence</title>
  <meta>
   <content>movie</content>
   <imdb>tt1628841</imdb>
   <title>Independence Day: Resurgence</title>
   <year>2016</year>
  </meta>
  <link>
  <sublink>search</sublink>
  </link>
  <thumbnail>https://images-na.ssl-images-amazon.com/images/M/MV5BMjIyMTg5MTg4OV5BMl5BanBnXkFtZTgwMzkzMjY5NzE@._V1_SY1000_CR0,0,674,1000_AL_.jpg</thumbnail>
 </item>
 
 
<item>
  <title>Iron Man</title>
  <meta>
   <content>movie</content>
   <imdb>tt0371746</imdb>
   <title>Iron Man</title>
   <year>2008</year>
  </meta>
  <link>
  <sublink>search</sublink>
  </link>
  <thumbnail>https://images-na.ssl-images-amazon.com/images/M/MV5BMTczNTI2ODUwOF5BMl5BanBnXkFtZTcwMTU0NTIzMw@@._V1_SY1000_CR0,0,674,1000_AL_.jpg</thumbnail>
 </item>
 
 <item>
  <title>Iron Man 2</title>
  <meta>
   <content>movie</content>
   <imdb>tt1228705</imdb>
   <title>Iron Man 2</title>
   <year>2010</year>
  </meta>
  <link>
  <sublink>search</sublink>
  </link>
  <thumbnail>https://images-na.ssl-images-amazon.com/images/M/MV5BMTM0MDgwNjMyMl5BMl5BanBnXkFtZTcwNTg3NzAzMw@@._V1_.jpg</thumbnail>
 </item>
 
 <item>
  <title>Iron Man 3</title>
  <meta>
   <content>movie</content>
   <imdb>tt1300854</imdb>
   <title>Iron Man 3</title>
   <year>2013</year>
  </meta>
  <link>
  <sublink>search</sublink>
  </link>
  <thumbnail>https://images-na.ssl-images-amazon.com/images/M/MV5BMTkzMjEzMjY1M15BMl5BanBnXkFtZTcwNTMxOTYyOQ@@._V1_SY1000_SX700_AL_.jpg</thumbnail>
 </item>
 
<item>
    <title>Jack Reacher</title>
    <meta>
        <content>movie</content>
        <imdb>tt0790724</imdb>
        <title>Jack Reacher</title>
        <year>2012</year>
    </meta>
    <link>
    <sublink>search</sublink>
    </link>
    <thumbnail>https://images-na.ssl-images-amazon.com/images/M/MV5BMTM1NjUxMDI3OV5BMl5BanBnXkFtZTcwNjg1ODM3OA@@._V1_SY1000_SX696_AL_.jpg</thumbnail>
</item>
 
<item>
    <title>Jack Reacher: Never Go Back</title>
    <meta>
        <content>movie</content>
        <imdb>tt3393786</imdb>
        <title>Jack Reacher: Never Go Back</title>
        <year>2016</year>
    </meta>
    <link>
    <sublink>search</sublink>
    </link>
    <thumbnail>https://images-na.ssl-images-amazon.com/images/M/MV5BODQ3ODQ3NDI4NV5BMl5BanBnXkFtZTgwMDY1Mzk5OTE@._V1_SY1000_SX640_AL_.jpg</thumbnail>
</item>
 
<item>
  <title>Jaws</title>
  <meta>
   <content>movie</content>
   <imdb>tt0073195</imdb>
   <title>Jaws</title>
   <year>1975</year>
  </meta>
  <link>
  <sublink>search</sublink>
  </link>
  <thumbnail>https://images-na.ssl-images-amazon.com/images/M/MV5BMmVmODY1MzEtYTMwZC00MzNhLWFkNDMtZjAwM2EwODUxZTA5XkEyXkFqcGdeQXVyNTAyODkwOQ@@._V1_SX651_CR0,0,651,999_AL_.jpg</thumbnail>
 </item>
 
<item>
  <title>Jerry Maguire</title>
  <meta>
   <content>movie</content>
   <imdb>tt0116695</imdb>
   <title>Jerry Maguire</title>
   <year>1996</year>
  </meta>
  <link>
  <sublink>search</sublink>
  </link>
  <thumbnail>https://images-na.ssl-images-amazon.com/images/M/MV5BYTM0ZWNmZTUtOTVkZS00MTZiLTg3M2QtZjA0Y2RmOWM1NWEyXkEyXkFqcGdeQXVyNjU0OTQ0OTY@._V1_SY1000_CR0,0,674,1000_AL_.jpg</thumbnail>
 </item>
 
<item>
    <title>John Wick</title>
    <meta>
        <content>movie</content>
        <imdb>tt2911666</imdb>
        <title>John Wick</title>
        <year>2014</year>
    </meta>
    <link>
    <sublink>search</sublink>
    </link>
    <thumbnail>https://images-na.ssl-images-amazon.com/images/M/MV5BMTU2NjA1ODgzMF5BMl5BanBnXkFtZTgwMTM2MTI4MjE@._V1_SY1000_CR0,0,666,1000_AL_.jpg</thumbnail>
</item>
 
<item>
    <title>John Wick: Chapter 2</title>
    <meta>
        <content>movie</content>
        <imdb>tt4425200</imdb>
        <title>John Wick: Chapter 2</title>
        <year>2017</year>
    </meta>
    <link>
    <sublink>search</sublink>
    </link>
    <thumbnail>https://images-na.ssl-images-amazon.com/images/M/MV5BMjE2NDkxNTY2M15BMl5BanBnXkFtZTgwMDc2NzE0MTI@._V1_SY1000_CR0,0,648,1000_AL_.jpg</thumbnail>
</item>

<item>
    <title>John Wick: Chapter 3 - Parabellum</title>
    <meta>
        <content>movie</content>
        <imdb>tt6146586</imdb>
        <title>John Wick: Chapter 3 - Parabellum</title>
        <year>2019</year>
    </meta>
    <link>
    <sublink>search</sublink>
    </link>
    <thumbnail>https://m.media-amazon.com/images/M/MV5BMDg2YzI0ODctYjliMy00NTU0LTkxODYtYTNkNjQwMzVmOTcxXkEyXkFqcGdeQXVyNjg2NjQwMDQ@._V1_SY1000_CR0,0,648,1000_AL_.jpg</thumbnail>
</item>
 
<item>
  <title>Judge Dredd</title>
  <meta>
   <content>movie</content>
   <imdb>tt0113492</imdb>
   <title>Judge Dredd</title>
   <year>1995</year>
  </meta>
  <link>
  <sublink>search</sublink>
  </link>
  <thumbnail>https://images-na.ssl-images-amazon.com/images/M/MV5BYmM1NzUyY2YtOTU4My00ZmFmLWI4ZjYtYzJlM2JlOTBhZmIzXkEyXkFqcGdeQXVyNjE5MjUyOTM@._V1_SY1000_CR0,0,671,1000_AL_.jpg</thumbnail>
 </item>
 
<item>
  <title>Dredd</title>
  <meta>
   <content>movie</content>
   <imdb>tt1343727</imdb>
   <title>Dredd</title>
   <year>2012</year>
  </meta>
  <link>
  <sublink>search</sublink>
  </link>
  <thumbnail>https://images-na.ssl-images-amazon.com/images/M/MV5BODkyNDQzMzUzOF5BMl5BanBnXkFtZTcwODYyMDEyOA@@._V1_SY1000_CR0,0,674,1000_AL_.jpg</thumbnail>
 </item>
 
<item>
  <title>Jurassic Park</title>
  <meta>
   <content>movie</content>
   <imdb>tt0107290</imdb>
   <title>Jurassic Park</title>
   <year>1993</year>
  </meta>
  <link>
  <sublink>search</sublink>
  </link>
  <thumbnail>https://images-na.ssl-images-amazon.com/images/M/MV5BMjM2MDgxMDg0Nl5BMl5BanBnXkFtZTgwNTM2OTM5NDE@._V1_.jpg</thumbnail>
 </item>
 
<item>
  <title>The Lost World: Jurassic Park</title>
  <meta>
   <content>movie</content>
   <imdb>tt0119567</imdb>
   <title>The Lost World: Jurassic Park</title>
   <year>1997</year>
  </meta>
  <link>
  <sublink>search</sublink>
  </link>
  <thumbnail>https://images-na.ssl-images-amazon.com/images/M/MV5BMDFlMmM4Y2QtNDg1ZS00MWVlLTlmODgtZDdhYjY5YjdhN2M0XkEyXkFqcGdeQXVyNTI4MjkwNjA@._V1_SY1000_CR0,0,679,1000_AL_.jpg</thumbnail>
 </item>
<item>
  <title>Jurassic Park III</title>
  <meta>
   <content>movie</content>
   <imdb>tt0163025</imdb>
   <title>Jurassic Park III</title>
   <year>2001</year>
  </meta>
  <link>
  <sublink>search</sublink>
  </link>
  <thumbnail>https://m.media-amazon.com/images/M/MV5BZDMyZGJjOGItYjJkZC00MDVlLWE0Y2YtZGIwMDExYWE3MGQ3XkEyXkFqcGdeQXVyNDYyMDk5MTU@._V1_SY1000_CR0,0,678,1000_AL_.jpg</thumbnail>
 </item>
 
<item>
  <title>Jurassic World</title>
  <meta>
   <content>movie</content>
   <imdb>tt0369610</imdb>
   <title>Jurassic World</title>
   <year>2015</year>
  </meta>
  <link>
  <sublink>search</sublink>
  </link>
  <thumbnail>https://images-na.ssl-images-amazon.com/images/M/MV5BNWEyNTE0YTEtY2FkMi00MmY3LTg4MWMtODdjYjRkNGM4ZTZhXkEyXkFqcGdeQXVyMzI0NDc4ODY@._V1_SY1000_CR0,0,631,1000_AL_.jpg</thumbnail>
 </item>

<item>
  <title>Jurassic World: Fallen Kingdom</title>
  <meta>
   <content>movie</content>
   <imdb>tt4881806</imdb>
   <title>Jurassic World: Fallen Kingdom</title>
   <year>2018</year>
  </meta>
  <link>
  <sublink>search</sublink>
  </link>
  <thumbnail>https://m.media-amazon.com/images/M/MV5BNzIxMjYwNDEwN15BMl5BanBnXkFtZTgwMzk5MDI3NTM@._V1_.jpg</thumbnail>
 </item>
 
<item>
  <title>Kindergarten Cop</title>
  <meta>
   <content>movie</content>
   <imdb>tt0099938</imdb>
   <title>Kindergarten Cop</title>
   <year>1990</year>
  </meta>
  <link>
  <sublink>search</sublink>
  </link>
  <thumbnail>https://images-na.ssl-images-amazon.com/images/M/MV5BMjMyMTIyOTc0N15BMl5BanBnXkFtZTgwODY1NTk4NjE@._V1_SY1000_CR0,0,668,1000_AL_.jpg</thumbnail>
 </item>
 
<item>
  <title>Law Abiding Citizen</title>
  <meta>
   <content>movie</content>
   <imdb>tt1197624</imdb>
   <title>Law Abiding Citizen</title>
   <year>2009</year>
  </meta>
  <link>
  <sublink>search</sublink>
  </link>
  <thumbnail>https://images-na.ssl-images-amazon.com/images/M/MV5BMTMyODY1NTg1N15BMl5BanBnXkFtZTcwMTUyODI4Mg@@._V1_SY1000_CR0,0,598,1000_AL_.jpg</thumbnail>
 </item>
 
<item>
  <title>Lock, Stock and Two Smoking Barrels</title>
  <meta>
   <content>movie</content>
   <imdb>tt0120735</imdb>
   <title>Lock, Stock and Two Smoking Barrels</title>
   <year></year>
  </meta>
  <link>
  <sublink>search</sublink>
  </link>
  <thumbnail>https://images-na.ssl-images-amazon.com/images/M/MV5BMTAyN2JmZmEtNjAyMy00NzYwLThmY2MtYWQ3OGNhNjExMmM4XkEyXkFqcGdeQXVyNDk3NzU2MTQ@._V1_SY1000_CR0,0,666,1000_AL_.jpg</thumbnail>
 </item>
 
<item>
  <title>Lone Survivor</title>
  <meta>
   <content>movie</content>
   <imdb>tt1091191</imdb>
   <title>Lone Survivor</title>
   <year>2013</year>
  </meta>
  <link>
  <sublink>search</sublink>
  </link>
  <thumbnail>https://images-na.ssl-images-amazon.com/images/M/MV5BMjA0NTgwOTk5Ml5BMl5BanBnXkFtZTcwMjE3NDc5OQ@@._V1_SY1000_SX675_AL_.jpg</thumbnail>
 </item>
 </xml>