<xml>
<dir>
<title>Hot New Movies</title>
<tmdb>list/39003</tmdb>
</dir>
 
<dir>
<title>Popular Movies</title>
<tmdb>movies/popular</tmdb>
</dir>
 
<dir>
<title>Movies (RD)</title>
<movies>all</movies>
</dir>
 
<dir>
<name>IMDB Top Rated</name>
<link>file://Movie/IMDB Top Rated.xml</link>
<thumbnail></thumbnail>
</dir>
 
<dir>
<name>TMDB Top Rated</name>
<link>file://Movie/TMDB Top Rated.xml</link>
<thumbnail></thumbnail>
<fanart></fanart>
</dir>
 
<dir>
<title>IMDB Featured Movies</title>
<imdburl>http://www.imdb.com/search/title?title_type=feature,tv_movie&num_votes=1000,&production_status=released&release_date=date[365],date[60]&sort=moviemeter,asc&count=40&start=1</imdburl>
<thumbnail></thumbnail>
</dir>
 
<dir>
<name>Classic Movie Picks A - E</name>
<link>https://pastebin.com/raw/LMJ2HXWZ</link>
<thumbnail></thumbnail>
<fanart></fanart>
</dir>
 
<dir>
<name>Classic Movie Picks  F - L</name>
<link>https://pastebin.com/raw/k2wVwGcT</link>
<thumbnail></thumbnail>
<fanart></fanart>
</dir>
 
<dir>
<name>Classic Movie Picks M - S</name>
<link>https://pastebin.com/raw/mEVStHPi</link>
<thumbnail></thumbnail>
<fanart></fanart>
</dir>
 
<dir>
<name>Classic Movie Picks  T - Z</name>
<link>https://pastebin.com/raw/8x1AFJ0Q</link>
<thumbnail></thumbnail>
<fanart></fanart>
</dir>
 
<dir>
<name>Sports Movies</name>
<link>https://pastebin.com/raw/yPrGcLXt</link>
<thumbnail></thumbnail>
<fanart></fanart>
</dir>
 
<dir>
<name>Movies/Year</name>
<link>file://Movie/Year.xml</link>
<thumbnail></thumbnail>
<fanart></fanart>
</dir>
 
<dir>
<name>Horror Movies Collections</name>
<link>file://Movie/Horror Collections.xml</link>
<thumbnail></thumbnail>
<fanart></fanart>
</dir>
 
<dir>
<name>Movie Collections</name>
<link>file://Movie/Movie Collections.xml</link>
<thumbnail></thumbnail>
<fanart></fanart>
</dir>
 
<dir>
<name>Movie Genre</name>
<link>file://Movie/Movie Genre.xml</link>
<thumbnail></thumbnail>
<fanart></fanart>
</dir>
 
<dir>
<title>Actors/Actresses</title>
<tmdb>people/popular</tmdb>
<thumbnail></thumbnail>
</dir>
 
<dir>
<title>Upcoming Movie Trailers</title>
<tmdb>movie/upcoming</tmdb>
<summary></summary>
</dir>
 
<dir>
<title>Movie Trailers</title>
<moviefone>trailers/1</moviefone>
</dir>
 
<dir>
<title>Search Movie Trailers</title>
<moviefone>search</moviefone>
</dir>
 
<dir>
<name>Search</name>
<link>file://Main/Search.xml</link>
<thumbnail></thumbnail>
<fanart></fanart>
</dir>
</xml>