<xml>
<dir>
<title>Amateur</title>
<cobp>category/amateur</cobp>
<thumbnail></thumbnail>
</dir>


<dir>
<title>Anal Bashing</title>
<cobp>category/anal</cobp>
<thumbnail></thumbnail>
</dir>


<dir>
<title>Asian</title>
<cobp>category/asian</cobp>
<thumbnail></thumbnail>
</dir>


<dir>
<title>BBC</title>
<cobp>category/bbc</cobp>
<thumbnail></thumbnail>
</dir>


<dir>
<title>Big Ass</title>
<cobp>category/big-ass</cobp>
<thumbnail></thumbnail>
</dir>


<dir>
<title>Big Dick</title>
<cobp>category/big-dick</cobp>
<thumbnail></thumbnail>
</dir>


<dir>
<title>Big Tits</title>
<cobp>category/big-tits</cobp>
<thumbnail></thumbnail>
</dir>	


<dir>
<title>Blonde</title>
<cobp>category/blonde</cobp>
<thumbnail></thumbnail>
</dir>


<dir>
<title>Blowjob Queens</title>
<cobp>category/blowjobs</cobp>
<thumbnail></thumbnail>
</dir>


<dir>
<title>British</title>
<cobp>category/british</cobp>
<thumbnail></thumbnail>
</dir>


<dir>
<title>Brunette</title>
<cobp>category/brunette</cobp>
<thumbnail></thumbnail>
</dir>


<dir>
<title>Cartoon</title>
<cobp>category/cartoon</cobp>
<thumbnail></thumbnail>
</dir>


<dir>
<title>Casting</title>
<cobp>category/casting</cobp>
<thumbnail></thumbnail>
</dir>


<dir>
<title>Couples</title>
<cobp>category/couple</cobp>
<thumbnail></thumbnail>
</dir>


<dir>
<title>Cream Pie</title>
<cobp>category/cream-pie</cobp>
<thumbnail></thumbnail>
</dir>


<dir>
<title>Cuckold</title>
<cobp>category/cuckold</cobp>
<thumbnail></thumbnail>
</dir>


<dir>
<title>Cumshots</title>
<cobp>category/cumshots</cobp>
<thumbnail></thumbnail>
</dir>


<dir>
<title>Czech</title>
<cobp>category/czech</cobp>
<thumbnail></thumbnail>
</dir>


<dir>
<title>Deep Throat</title>
<cobp>category/deep-throat</cobp>
<thumbnail></thumbnail>
</dir>


<dir>
<title>Double Penetration</title>
<cobp>category/double-penetration</cobp>
<thumbnail></thumbnail>
</dir>


<dir>
<title>Ebony</title>
<cobp>category/ebony</cobp>
<thumbnail></thumbnail>
</dir>


<dir>
<title>Foot Fetish</title>
<cobp>category/foot-fetish</cobp>
<thumbnail></thumbnail>
</dir>


<dir>
<title>Gang Bang</title>
<cobp>category/gang-bang</cobp>
<thumbnail></thumbnail>
</dir>


<dir>
<title>German</title>
<cobp>category/german</cobp>
<thumbnail></thumbnail>
</dir>


<dir>
<title>Girlfriend</title>
<cobp>category/girlfriend</cobp>
<thumbnail></thumbnail>
</dir>


<dir>
<title>Glamcore</title>
<cobp>category/glamcore</cobp>
<thumbnail></thumbnail>
</dir>


<dir>
<title>Group Sex</title>
<cobp>category/group-sex</cobp>
<thumbnail></thumbnail>
</dir>


<dir>
<title>Hairy</title>
<cobp>category/hairy</cobp>
<thumbnail></thumbnail>
</dir>


<dir>
<title>Handjobs</title>
<cobp>category/handjobs</cobp>
<thumbnail></thumbnail>
</dir>


<dir>
<title>Hardcore</title>
<cobp>category/hardcore</cobp>
<thumbnail></thumbnail>
</dir>


<dir>
<title>HD Porn</title>
<cobp>category/hd</cobp>
<thumbnail></thumbnail>
</dir>


<dir>
<title>Hentai</title>
<cobp>category/hentai</cobp>
<thumbnail></thumbnail>
</dir>


<dir>
<title>Interracial</title>
<cobp>category/interracial</cobp>
<thumbnail></thumbnail>
</dir>


<dir>
<title>Japanese</title>
<cobp>category/japanese</cobp>
<thumbnail></thumbnail>
</dir>


<dir>
<title>Latin</title>
<cobp>category/latin</cobp>
<thumbnail></thumbnail>
</dir>


<dir>
<title>Lesbian</title>
<cobp>category/lesbian</cobp>
<thumbnail></thumbnail>
</dir>


<dir>
<title>Lingerie</title>
<cobp>category/lingerie</cobp>
<thumbnail></thumbnail>
</dir>


<dir>
<title>Massage</title>
<cobp>category/massage</cobp>
<thumbnail></thumbnail>
</dir>


<dir>
<title>Masturbation</title>
<cobp>category/masturbation</cobp>
<thumbnail></thumbnail>
</dir>


<dir>
<title>Milf R Us</title>
<cobp>category/milf</cobp>
<thumbnail></thumbnail>
</dir>


<dir>
<title>Old And Young</title>
<cobp>category/old-and-young</cobp>
<thumbnail></thumbnail>
</dir>


<dir>
<title>Orgasms</title>
<cobp>category/orgasm</cobp>
<thumbnail></thumbnail>
</dir>


<dir>
<title>Orgy</title>
<cobp>category/orgy</cobp>
<thumbnail></thumbnail>
</dir>


<dir>
<title>Parody</title>
<cobp>category/parody</cobp>
<thumbnail></thumbnail>
</dir>


<dir>
<title>Pov</title>
<cobp>category/pov</cobp>
<thumbnail></thumbnail>
</dir>


<dir>
<title>Public</title>
<cobp>category/public</cobp>
<thumbnail></thumbnail>
</dir>


<dir>
<title>Redheads</title>
<cobp>category/redheads</cobp>
<thumbnail></thumbnail>
</dir>


<dir>
<title>Russian</title>
<cobp>category/russian</cobp>
<thumbnail></thumbnail>
</dir>


<dir>
<title>Schoolgirl</title>
<cobp>category/schoolgirl</cobp>
<thumbnail></thumbnail>
</dir>


<dir>
<title>Spanish Porn</title>
<cobp>category/spanish-porn</cobp>	
<thumbnail></thumbnail>
</dir>


<dir>
<title>Squirting</title>
<cobp>category/Squirting</cobp>
<thumbnail></thumbnail>
</dir>


<dir>
<title>Tattoo</title>
<cobp>category/tattoo</cobp>
<thumbnail></thumbnail>
</dir>


<dir>
<title>Teen</title>
<cobp>category/teen</cobp>
<thumbnail></thumbnail>
</dir>


<dir>
<title>Threesome</title>
<cobp>category/threesome</cobp>
<thumbnail></thumbnail>
</dir>


<dir>
<title>Toy Play</title>
<cobp>category/toys</cobp>
<thumbnail></thumbnail>
</dir>


<dir>
<title>Uniform</title>
<cobp>category/uniform</cobp>
<thumbnail></thumbnail>
</dir>


<dir>
<title>Webcams</title>
<cobp>category/webcams</cobp>
<thumbnail></thumbnail>
</dir>
</xml>