<xml>
<item>
    <title>Taken</title>
    <meta>
        <content>movie</content>
        <imdb>tt0936501</imdb>
        <title>Taken</title>
        <year>2008</year>
    </meta>
    <link>
    <sublink>search</sublink>
    </link>
    <thumbnail>https://images-na.ssl-images-amazon.com/images/M/MV5BMTM4NzQ0OTYyOF5BMl5BanBnXkFtZTcwMDkyNjQyMg@@._V1_.jpg</thumbnail>
</item>
 
<item>
    <title>Taken 2</title>
    <meta>
        <content>movie</content>
        <imdb>tt1397280</imdb>
        <title>Taken 2</title>
        <year>2012</year>
    </meta>
    <link>
    <sublink>search</sublink>
    </link>
    <thumbnail>https://images-na.ssl-images-amazon.com/images/M/MV5BMTkwNTQ0ODExOV5BMl5BanBnXkFtZTcwNjU3NDQwOA@@._V1_SY1000_CR0,0,674,1000_AL_.jpg</thumbnail>
</item>
 
<item>
  <title>Taken 3</title>
  <meta>
   <content>movie</content>
   <imdb>tt2446042</imdb>
   <title>Taken 3</title>
   <year>2014</year>
  </meta>
  <link>
  <sublink>search</sublink>
  </link>
  <thumbnail>https://images-na.ssl-images-amazon.com/images/M/MV5BNjM5MDU3NTY0M15BMl5BanBnXkFtZTgwOTk2ODU2MzE@._V1_SY1000_CR0,0,674,1000_AL_.jpg</thumbnail>
 </item>
 
<item>
    <title>Run All Night</title>
    <meta>
        <content>movie</content>
        <imdb>tt2199571</imdb>
        <title>Run All Night</title>
        <year>2015</year>
    </meta>
    <link>
    <sublink>search</sublink>
    </link>
    <thumbnail>https://images-na.ssl-images-amazon.com/images/M/MV5BMTU2ODI3ODEyOV5BMl5BanBnXkFtZTgwMTM3NTQzNDE@._V1_SY1000_CR0,0,674,1000_AL_.jpg</thumbnail>
</item>
 
<item>
  <title>The 6th Day</title>
  <meta>
   <content>movie</content>
   <imdb>tt0216216</imdb>
   <title>The 6th Day</title>
   <year>2000</year>
  </meta>
  <link>
  <sublink>search</sublink>
  </link>
  <thumbnail>https://images-na.ssl-images-amazon.com/images/M/MV5BMTk1OTU5OTU2MV5BMl5BanBnXkFtZTYwMjMxMDk2._V1_.jpg</thumbnail>
 </item>
 
<item>
<title>The 51st State</title>
<meta>
<content>movie</content>
<imdb>tt0227984</imdb>
<title>The 51st State</title>
<year>2001</year>
</meta>
<link>
<sublink>https://youtu.be/zYQ3j4fM0OY</sublink>
<sublink>https://youtu.be/ZD3EHJzgZTc</sublink>
<sublink>search</sublink>
<sublink>searchsd</sublink>
</link>
<thumbnail>https://images-na.ssl-images-amazon.com/images/I/51VJ5T0G0KL._SY445_.jpg</thumbnail>
</item>
 
<item>
  <title>The Bone Collector</title>
  <meta>
   <content>movie</content>
   <imdb>tt0145681</imdb>
   <title>The Bone Collector</title>
   <year>1999</year>
  </meta>
  <link>
  <sublink>search</sublink>
  </link>
  <thumbnail>https://images-na.ssl-images-amazon.com/images/M/MV5BOWQxN2ZmNDMtMzA2Ny00ZDJhLTlkNTgtMWMyZjljY2QzMzNhXkEyXkFqcGdeQXVyMTQxNzMzNDI@._V1_SY1000_CR0,0,670,1000_AL_.jpg</thumbnail>
 </item>
 
<item>
  <title>The Dark Knight</title>
  <meta>
   <content>movie</content>
   <imdb>tt0468569</imdb>
   <title>The Dark Knight</title>
   <year>2008</year>
  </meta>
  <link>
  <sublink>search</sublink>
  </link>
  <thumbnail>https://images-na.ssl-images-amazon.com/images/M/MV5BMTMxNTMwODM0NF5BMl5BanBnXkFtZTcwODAyMTk2Mw@@._V1_SY1000_CR0,0,675,1000_AL_.jpg</thumbnail>
 </item>
 
<item>
  <title>The Dark Knight Rises</title>
  <meta>
   <content>movie</content>
   <imdb>tt1345836</imdb>
   <title>The Dark Knight Rises</title>
   <year>2012</year>
  </meta>
  <link>
  <sublink>search</sublink>
  </link>
  <thumbnail>https://images-na.ssl-images-amazon.com/images/M/MV5BMTk4ODQzNDY3Ml5BMl5BanBnXkFtZTcwODA0NTM4Nw@@._V1_.jpg</thumbnail>
 </item>
 
<item>
  <title>The Equalizer</title>
  <meta>
   <content>movie</content>
   <imdb>tt0455944</imdb>
   <title>The Equalizer</title>
   <year>2014</year>
  </meta>
  <link>
  <sublink>search</sublink>
  </link>
  <thumbnail>https://images-na.ssl-images-amazon.com/images/M/MV5BMTQ2MzE2NTk0NF5BMl5BanBnXkFtZTgwOTM3NTk1MjE@._V1_SY1000_CR0,0,675,1000_AL_.jpg</thumbnail>
 </item>
 <item>
  <title>The Equalizer 2</title>
  <meta>
   <content>movie</content>
   <imdb>tt3766354</imdb>
   <title>The Equalizer 2</title>
   <year>2018</year>
  </meta>
  <link>
  <sublink>search</sublink>
  </link>
  <thumbnail>https://m.media-amazon.com/images/M/MV5BMTU2OTYzODQyMF5BMl5BanBnXkFtZTgwNjU3Njk5NTM@._V1_.jpg</thumbnail>
 </item>
<item>
  <title>The Expendables</title>
  <meta>
   <content>movie</content>
   <imdb>tt1320253</imdb>
   <title>The Expendables</title>
   <year>2010</year>
  </meta>
  <link>
  <sublink>search</sublink>
  </link>
  <thumbnail>https://images-na.ssl-images-amazon.com/images/M/MV5BNTUwODQyNjM0NF5BMl5BanBnXkFtZTcwNDMwMTU1Mw@@._V1_SY1000_CR0,0,674,1000_AL_.jpg</thumbnail>
 </item>
 
<item>
  <title>The Expendables 2</title>
  <meta>
   <content>movie</content>
   <imdb>tt1764651</imdb>
   <title>The Expendables 2</title>
   <year>2012</year>
  </meta>
  <link>
  <sublink>search</sublink>
  </link>
  <thumbnail>https://images-na.ssl-images-amazon.com/images/M/MV5BNDg1YWRhNmQtMGI5Ny00MTI3LTg2OTItZWEzZGE3OGZjZDNhXkEyXkFqcGdeQXVyNDc2NjEyMw@@._V1_SY1000_CR0,0,648,1000_AL_.jpg</thumbnail>
 </item>
 
<item>
  <title>The Expendables 3</title>
  <meta>
   <content>movie</content>
   <imdb>tt2333784</imdb>
   <title>The Expendables 3</title>
   <year>2014</year>
  </meta>
  <link>
  <sublink>search</sublink>
  </link>
  <thumbnail>https://images-na.ssl-images-amazon.com/images/M/MV5BODU5ODMyMzg2MV5BMl5BanBnXkFtZTgwMTA2MTcxMjE@._V1_SY1000_CR0,0,674,1000_AL_.jpg</thumbnail>
 </item>

 <item>
  <title>The Fast and the Furious</title>
  <meta>
   <content>movie</content>
   <imdb>tt0232500</imdb>
   <title>The Fast and the Furious</title>
   <year>2001</year>
  </meta> 
  <link>
  <sublink>search</sublink>
  </link>
  <thumbnail>https://images-na.ssl-images-amazon.com/images/M/MV5BNzlkNzVjMDMtOTdhZC00MGE1LTkxODctMzFmMjkwZmMxZjFhXkEyXkFqcGdeQXVyNjU0OTQ0OTY@._V1_SY1000_CR0,0,672,1000_AL_.jpg</thumbnail>
 </item>

<item>
  <title>2 Fast 2 Furious</title>
  <meta>
   <content>movie</content>
   <imdb>tt0322259</imdb>
   <title>2 Fast 2 Furious</title>
   <year>2003</year>
  </meta> 
  <link>
  <sublink>search</sublink>
  <sublink>searchsd</sublink>
  </link>
  <thumbnail>https://images-na.ssl-images-amazon.com/images/M/MV5BMzExYjcyYWMtY2JkOC00NDUwLTg2OTgtMDI3MGY2OWQzMDE2XkEyXkFqcGdeQXVyMTQxNzMzNDI@._V1_SY1000_CR0,0,666,1000_AL_.jpg</thumbnail>
 </item>

<item>
  <title>The Fast and the Furious: Tokyo Drift</title>
  <meta>
   <content>movie</content>
   <imdb>tt0463985</imdb>
   <title>The Fast and the Furious: Tokyo Drift</title>
   <year>2006</year>
  </meta> 
  <link>
  <sublink>search</sublink>
  <sublink>searchsd</sublink>
  </link>
  <thumbnail>https://images-na.ssl-images-amazon.com/images/M/MV5BMTQ2NTMxODEyNV5BMl5BanBnXkFtZTcwMDgxMjA0MQ@@._V1_SY999_CR0,0,676,999_AL_.jpg</thumbnail>
 </item>

<item>
  <title>Fast & Furious</title>
  <meta>
   <content>movie</content>
   <imdb>tt1013752</imdb>
   <title>Fast & Furious</title>
   <year>2009</year>
  </meta> 
  <link>
  <sublink>search</sublink>
  <sublink>searchsd</sublink>
  </link>
  <thumbnail>https://images-na.ssl-images-amazon.com/images/M/MV5BYjQ1ZTMxNzgtZDcxOC00NWY5LTk3ZjAtYzRhMDhlNDZlOWEzXkEyXkFqcGdeQXVyNzkwMjQ5NzM@._V1_SY1000_CR0,0,673,1000_AL_.jpg</thumbnail>
 </item>

<item>
  <title>Fast Five</title>
  <meta>
   <content>movie</content>
   <imdb>tt1596343</imdb>
   <title>Fast Five</title>
   <year>2011</year>
  </meta> 
  <link>
  <sublink>search</sublink>
  <sublink>searchsd</sublink>
  </link>
  <thumbnail>https://images-na.ssl-images-amazon.com/images/M/MV5BMTUxNTk5MTE0OF5BMl5BanBnXkFtZTcwMjA2NzY3NA@@._V1_SY1000_CR0,0,675,1000_AL_.jpg</thumbnail>
 </item>

<item>
  <title>Fast & Furious 6</title>
  <meta>
   <content>movie</content>
   <imdb>tt1905041</imdb>
   <title>Fast & Furious 6</title>
   <year>2013</year>
  </meta> 
  <link>
  <sublink>search</sublink>
  <sublink>searchsd</sublink>
  </link>
  <thumbnail>https://images-na.ssl-images-amazon.com/images/M/MV5BMTM3NTg2NDQzOF5BMl5BanBnXkFtZTcwNjc2NzQzOQ@@._V1_SY1000_CR0,0,674,1000_AL_.jpg</thumbnail>
 </item>

<item>
  <title>Furious 7</title>
  <meta>
   <content>movie</content>
   <imdb>tt2820852</imdb>
   <title>Furious 7</title>
   <year>2015</year>
  </meta> 
  <link>
  <sublink>search</sublink>
  <sublink>searchsd</sublink>
  </link>
  <thumbnail>https://images-na.ssl-images-amazon.com/images/M/MV5BMTQxOTA2NDUzOV5BMl5BanBnXkFtZTgwNzY2MTMxMzE@._V1_SY1000_CR0,0,631,1000_AL_.jpg</thumbnail>
 </item>

<item>
  <title>The Fate of the Furious</title>
  <meta>
   <content>movie</content>
   <imdb>tt4630562</imdb>
   <title>The Fate of the Furious</title>
   <year>2017</year>
  </meta> 
  <link>
  <sublink></sublink>
  <sublink>search</sublink>
  <sublink>searchsd</sublink>
  </link>
  <thumbnail>https://images-na.ssl-images-amazon.com/images/M/MV5BMjMxODI2NDM5Nl5BMl5BanBnXkFtZTgwNjgzOTk1MTI@._V1_SY1000_CR0,0,631,1000_AL_.jpg</thumbnail>
 </item>

<item>
  <title>The Fifth Element</title>
  <meta>
   <content>movie</content>
   <imdb>tt0119116</imdb>
   <title>The Fifth Element</title>
   <year>1997</year>
  </meta>
  <link>
  <sublink>search</sublink>
  </link>
  <thumbnail>https://images-na.ssl-images-amazon.com/images/M/MV5BZWFjYmZmZGQtYzg4YS00ZGE5LTgwYzAtZmQwZjQ2NDliMGVmXkEyXkFqcGdeQXVyNTUyMzE4Mzg@._V1_SY1000_CR0,0,696,1000_AL_.jpg</thumbnail>
 </item>
 
<item>
  <title>The Fugitive</title>
  <meta>
   <content>movie</content>
   <imdb>tt0106977</imdb>
   <title>The Fugitive</title>
   <year>1993</year>
  </meta>
  <link>
  <sublink>search</sublink>
  </link>
  <thumbnail>https://images-na.ssl-images-amazon.com/images/M/MV5BYmFmOGZjYTItYjY1ZS00OWRiLTk0NDgtMjQ5MzBkYWE2YWE0XkEyXkFqcGdeQXVyNjU0OTQ0OTY@._V1_.jpg</thumbnail>
 </item>

<item>
  <title>The Green Mile</title>
  <meta>
   <content>movie</content>
   <imdb>tt0120689</imdb>
   <title>The Green Mile</title>
   <year>1999</year>
  </meta> 
  <link>
 <sublink>search</sublink>
  <sublink>searchsd</sublink>
  </link>
  <thumbnail>https://images-na.ssl-images-amazon.com/images/M/MV5BMTUxMzQyNjA5MF5BMl5BanBnXkFtZTYwOTU2NTY3._V1_.jpg</thumbnail>
 </item>

<item>
  <title>The Hobbit: An Unexpected Journey</title>
  <meta>
  <content>movie</content>
  <imdb>tt0903624</imdb>
  <title>The Hobbit: An Unexpected Journey</title>
  <year>2012</year>             
  </meta>
  <link>   
  <sublink>search</sublink>
  <sublink>searchsd</sublink>
  </link>      
  <thumbnail>https://i.imgur.com/Uxxyvwx.jpg</thumbnail>
</item>

<item>
  <title>The Hobbit: The Desolation of Smaug</title>
  <meta>
  <content>movie</content>
  <imdb>tt1170358</imdb>
  <title>The Hobbit: The Desolation of Smaug</title>
  <year>2013</year>             
  </meta>
  <link>    
  <sublink>search</sublink>
  <sublink>searchsd</sublink>
  </link>      
  <thumbnail>https://i.imgur.com/wOTWeVM.jpg</thumbnail>
</item>

<item>
  <title>The Hobbit: The Battle of the Five Armies</title>
  <meta>
  <content>movie</content>
  <imdb>tt2310332</imdb>
  <title>The Hobbit: The Battle of the Five Armies</title>
  <year>2014</year>               
  </meta>
  <link>  
  <sublink>search</sublink>
  <sublink>searchsd</sublink>
  </link>
  <thumbnail>https://i.imgur.com/ZUT4MaL.jpg</thumbnail>
</item>

<item>
  <title>The Hunger Games</title>
  <meta>
   <content>movie</content>
   <imdb>tt1392170</imdb>
   <title>The Hunger Games</title>
   <year>2012</year>
  </meta> 
  <link>
  <sublink>search</sublink>
  <sublink>searchsd</sublink>
  </link>
  <thumbnail>https://images-na.ssl-images-amazon.com/images/M/MV5BMjA4NDg3NzYxMF5BMl5BanBnXkFtZTcwNTgyNzkyNw@@._V1_SY1000_CR0,0,674,1000_AL_.jpg</thumbnail>
 </item>

<item>
  <title>The Hunger Games: Catching Fire</title>
  <meta>
   <content>movie</content>
   <imdb>tt1951264</imdb>
   <title>The Hunger Games: Catching Fire</title>
   <year>2013</year>
  </meta> 
  <link>
  <sublink>search</sublink>
  <sublink>searchsd</sublink>
  </link>
  <thumbnail>https://images-na.ssl-images-amazon.com/images/M/MV5BMTAyMjQ3OTAxMzNeQTJeQWpwZ15BbWU4MDU0NzA1MzAx._V1_SY1000_CR0,0,674,1000_AL_.jpg</thumbnail>
 </item>

<item>
  <title>The Hunger Games: Mockingjay - Part 1</title>
  <meta>
   <content>movie</content>
   <imdb>tt1951265</imdb>
   <title>The Hunger Games: Mockingjay - Part 1</title>
   <year>2014</year>
  </meta> 
  <link>
  <sublink>search</sublink>
  <sublink>searchsd</sublink>
  </link>
  <thumbnail>https://images-na.ssl-images-amazon.com/images/M/MV5BMTcxNDI2NDAzNl5BMl5BanBnXkFtZTgwODM3MTc2MjE@._V1_SY1000_CR0,0,657,1000_AL_.jpg</thumbnail>
 </item>

<item>
  <title>The Hunger Games: Mockingjay - Part 2</title>
  <meta>
   <content>movie</content>
   <imdb>tt1951266</imdb>
   <title>The Hunger Games: Mockingjay - Part 2</title>
   <year>2015</year>
  </meta> 
  <link>
  <sublink>search</sublink>
  <sublink>searchsd</sublink>
  </link>
  <thumbnail>https://images-na.ssl-images-amazon.com/images/M/MV5BNjQzNDI2NTU1Ml5BMl5BanBnXkFtZTgwNTAyMDQ5NjE@._V1_SY1000_CR0,0,657,1000_AL_.jpg</thumbnail>
 </item>

<item>
  <title>The Hurt Locker</title>
  <meta>
   <content>movie</content>
   <imdb>tt0887912</imdb>
   <title>The Hurt Locker</title>
   <year>2008</year>
  </meta>
  <link>
  <sublink>search</sublink>
  </link>
  <thumbnail>https://images-na.ssl-images-amazon.com/images/M/MV5BNzEwNzQ1NjczM15BMl5BanBnXkFtZTcwNTk3MTE1Mg@@._V1_.jpg</thumbnail>
 </item>
 
<item>
  <title>The Last Boy Scout</title>
  <meta>
   <content>movie</content>
   <imdb>tt0102266</imdb>
   <title>The Last Boy Scout</title>
   <year>1991</year>
  </meta>
  <link>
  <sublink>search</sublink>
  </link>
  <thumbnail>https://images-na.ssl-images-amazon.com/images/M/MV5BNmJlMjcwNzItZTUzZS00ZjI1LTgyYzQtM2FiYjgzZGM0NWYwXkEyXkFqcGdeQXVyNDk3NzU2MTQ@._V1_SY1000_CR0,0,703,1000_AL_.jpg</thumbnail>
 </item>
 
<item>
   <title>The Lord of the Rings: The Fellowship of the Ring</title>
   <meta>
   <content>movie</content>
   <imdb>tt0120737</imdb>
   <title>The Lord of the Rings: The Fellowship of the Ring</title>
   <year>2001</year>              
   </meta>
   <link> 
   <sublink>search</sublink>
   </link>     
   <thumbnail>https://i.imgur.com/scS8eMM.jpg</thumbnail>
</item>

<item>
   <title>The Lord of the Rings: The Two Towers</title>
   <meta>
   <content>movie</content>
   <imdb>tt0167261</imdb>
   <title>The Lord of the Rings: The Two Towers</title>
   <year>2002</year>              
   </meta>
   <link>      
   <sublink>search</sublink>
   </link>    
   <thumbnail>https://i.imgur.com/o2Lj2v1.jpg</thumbnail>
</item>

<item>
   <title>The Lord of the Rings: The Return of the King</title>
   <meta>
   <content>movie</content>
   <imdb>tt0167260</imdb>
   <title>The Lord of the Rings: The Return of the King</title>
   <year>2003</year>             
   </meta>
   <link>      
   <sublink>search</sublink>
   </link>       
   <thumbnail>https://i.imgur.com/bz74lGM.jpg</thumbnail>
</item>

<item>
    <title>The Matrix</title>
    <meta>
        <content>movie</content>
        <imdb>tt0133093</imdb>
        <title>The Matrix</title>
        <year>1999</year>
    </meta>
    <link>    
	<sublink>search</sublink>
    </link>
    <thumbnail>https://images-na.ssl-images-amazon.com/images/M/MV5BNzQzOTk3OTAtNDQ0Zi00ZTVkLWI0MTEtMDllZjNkYzNjNTc4L2ltYWdlXkEyXkFqcGdeQXVyNjU0OTQ0OTY@._V1_SY1000_CR0,0,665,1000_AL_.jpg</thumbnail>
</item>
 
<item>
    <title>The Matrix Reloaded</title>
    <meta>
        <content>movie</content>
        <imdb>tt0234215</imdb>
        <title>The Matrix Reloaded</title>
        <year>2003</year>
    </meta>
    <link>
    <sublink>search</sublink>
    </link>
    <thumbnail>https://m.media-amazon.com/images/M/MV5BODE0MzZhZTgtYzkwYi00YmI5LThlZWYtOWRmNWE5ODk0NzMxXkEyXkFqcGdeQXVyNjU0OTQ0OTY@._V1_SY1000_CR0,0,666,1000_AL_.jpg</thumbnail>
</item>
 
<item>
    <title>The Matrix Revolutions</title>
    <meta>
        <content>movie</content>
        <imdb>tt0242653</imdb>
        <title>Matrix Revolutions</title>
        <year>2003</year>
    </meta>
    <link>
    <sublink>search</sublink>
    </link>
    <thumbnail>https://images-na.ssl-images-amazon.com/images/M/MV5BNzNlZTZjMDctZjYwNi00NzljLWIwN2QtZWZmYmJiYzQ0MTk2XkEyXkFqcGdeQXVyNTAyODkwOQ@@._V1_SY1000_CR0,0,676,1000_AL_.jpg</thumbnail>
</item>
 
<item>
  <title>The Mummy</title>
  <meta>
   <content>movie</content>
   <imdb>t0120616</imdb>
   <title>The Mummy</title>
   <year>1999</year>
  </meta>
  <link>
  <sublink>search</sublink>
  </link>
  <thumbnail>https://images-na.ssl-images-amazon.com/images/M/MV5BM2FmZTk5NDUtMzU0Yy00NzgzLWI0Y2MtMjExOWJmMmFlNzk1L2ltYWdlL2ltYWdlXkEyXkFqcGdeQXVyMTQxNzMzNDI@._V1_SY1000_CR0,0,665,1000_AL_.jpg</thumbnail>
 </item>
 
<item>
  <title>The Mummy Returns</title>
  <meta>
   <content>movie</content>
   <imdb>tt0209163</imdb>
   <title>The Mummy Returns</title>
   <year>2001</year>
  </meta>
  <link>
  <sublink>search</sublink>
  </link>
  <thumbnail>https://images-na.ssl-images-amazon.com/images/M/MV5BMjE2NzU1NTk2MV5BMl5BanBnXkFtZTgwMjIwMzcxMTE@._V1_.jpg</thumbnail>
 </item>
 
<item>
  <title>The Mummy: Tomb of the Dragon Emperor</title>
  <meta>
   <content>movie</content>
   <imdb>tt0859163</imdb>
   <title>The Mummy: Tomb of the Dragon Emperor</title>
   <year>2008</year>
  </meta>
  <link>
  <sublink>search</sublink>
  </link>
  <thumbnail>https://images-na.ssl-images-amazon.com/images/M/MV5BMTU4NDIzMDY1OV5BMl5BanBnXkFtZTcwNjQxMzk3MQ@@._V1_.jpg</thumbnail>
 </item>

<item>
  <title>The Nutty Professor</title>
  <meta>
   <content>movie</content>
   <imdb>tt0117218</imdb>
   <title>The Nutty Professor</title>
   <year>1996</year>
  </meta> 
  <link>
  <sublink>search</sublink>
  <sublink>searchsd</sublink>
  </link>
  <thumbnail>https://images-na.ssl-images-amazon.com/images/M/MV5BMTcwODlmZDktNWRkOC00NTFlLTkyMjQtYWUxMzZkNDE4MGVmXkEyXkFqcGdeQXVyNTIzOTk5ODM@._V1_SY1000_CR0,0,662,1000_AL_.jpg</thumbnail>
 </item>
 
<item>
  <title>Nutty Professor II: The Klumps</title>
  <meta>
   <content>movie</content>
   <imdb>tt0144528</imdb>
   <title>Nutty Professor II: The Klumps</title>
   <year>2000</year>
  </meta> 
  <link>
  <sublink>search</sublink>
  <sublink>searchsd</sublink>
  </link>
  <thumbnail>https://images-na.ssl-images-amazon.com/images/M/MV5BNjcyOWM2NTUtYzRjYS00ZTQ4LWFlZGItNTE2MDg4MGIxNjAyXkEyXkFqcGdeQXVyNTUyMzE4Mzg@._V1_SY1000_SX724_AL_.jpg</thumbnail>
 </item>

<item>
  <title>The Scorpion King</title>
  <meta>
   <content>movie</content>
   <imdb>tt0277296</imdb>
   <title>The Scorpion King</title>
   <year>2002</year>
  </meta>
  <link>
  <sublink>search</sublink>
  </link>
  <thumbnail>https://images-na.ssl-images-amazon.com/images/M/MV5BMjkxNTAwNTQ0M15BMl5BanBnXkFtZTYwMTQwMjM3._V1_.jpg</thumbnail>
 </item>
 
<item>
    <title>The Mummy</title>
    <meta>
        <content>movie</content>
        <imdb>tt2345759</imdb>
        <title>The Mummy</title>
        <year>2017</year>
    </meta>
    <link>
    <sublink>search</sublink>
    </link>
    <thumbnail>https://images-na.ssl-images-amazon.com/images/M/MV5BODg1NTIxMzEtM2NmMi00MDQ2LWE5YjYtZTgxYmNhZTQxYWIzXkEyXkFqcGdeQXVyNDYzODU1ODM@._V1_SY1000_CR0,0,631,1000_AL_.jpg</thumbnail>
</item>
 
<item>
  <title>The Negotiator</title>
  <meta>
   <content>movie</content>
   <imdb>tt0120768</imdb>
   <title>The Negotiator</title>
   <year>1998</year>
  </meta>
  <link>
  <sublink>search</sublink>
  </link>
  <thumbnail>https://images-na.ssl-images-amazon.com/images/M/MV5BOGE1YTI2NjItNDAyYy00YzI3LTlmNDUtYWU0ZmFlNWE3N2ViL2ltYWdlXkEyXkFqcGdeQXVyNTAyODkwOQ@@._V1_SY1000_CR0,0,666,1000_AL_.jpg</thumbnail>
 </item>
 
<item>
  <title>The Punisher</title>
  <meta>
   <content>movie</content>
   <imdb>tt0098141</imdb>
   <title>The Punisher</title>
   <year>1989</year>
  </meta>
  <link>
  <sublink>search</sublink>
  </link>
  <thumbnail>https://images-na.ssl-images-amazon.com/images/M/MV5BZGFlMDYyOTQtZDliMS00MTk0LThiYjktNTljOWNjM2FjZWI4XkEyXkFqcGdeQXVyMDEwMjgxNg@@._V1_SY1000_CR0,0,639,1000_AL_.jpg</thumbnail>
 </item>
 
<item>
  <title>The Punisher</title>
  <meta>
   <content>movie</content>
   <imdb>tt0330793</imdb>
   <title>The Punisher</title>
   <year>2004</year>
  </meta>
  <link>
  <sublink>search</sublink>
  </link>
  <thumbnail>https://images-na.ssl-images-amazon.com/images/M/MV5BMjI5NjcwMTQxMV5BMl5BanBnXkFtZTcwODg5ODkwNQ@@._V1_SY1000_CR0,0,675,1000_AL_.jpg</thumbnail>
 </item>
 
<item>
  <title>The Punisher: Dirty Laundry</title>
  <meta>
   <content>movie</content>
   <imdb>tt2280378</imdb>
   <title>The Punisher: Dirty Laundry</title>
   <year>2012</year>
  </meta>
  <link>
  <sublink>search</sublink>
  </link>
  <thumbnail>https://images-na.ssl-images-amazon.com/images/M/MV5BMTQ1MTkyOTQ4MF5BMl5BanBnXkFtZTgwNDMxNDAyMjE@._V1_.jpg</thumbnail>
 </item>
 
<item>
    <title>Punisher: War Zone</title>
    <meta>
        <content>movie</content>
        <imdb>tt0450314</imdb>
        <title>Punisher: War Zone</title>
        <year>2008</year>
    </meta>
    <link>
    <sublink>search</sublink>
    </link>
    <thumbnail>https://images-na.ssl-images-amazon.com/images/M/MV5BNDc1ODUyMzUtNDBkZS00YThiLWEzMjEtMGRlOTIzZWU2ZDdmXkEyXkFqcGdeQXVyNTIzOTk5ODM@._V1_SY1000_CR0,0,674,1000_AL_.jpg</thumbnail>
</item>
 
<item>
  <title>The Rock</title>
  <meta>
   <content>movie</content>
   <imdb>tt0117500</imdb>
   <title>The Rock</title>
   <year>1996</year>
  </meta>
  <link>
  <sublink>search</sublink>
  </link>
  <thumbnail>https://images-na.ssl-images-amazon.com/images/M/MV5BZDJjOTE0N2EtMmRlZS00NzU0LWE0ZWQtM2Q3MWMxNjcwZjBhXkEyXkFqcGdeQXVyNDk3NzU2MTQ@._V1_SY1000_CR0,0,675,1000_AL_.jpg</thumbnail>
 </item>
 
<item>
  <title>The Running Man</title>
  <meta>
   <content>movie</content>
   <imdb>tt0093894</imdb>
   <title>The Running Man</title>
   <year>1987</year>
  </meta>
  <link>
  <sublink>search</sublink>
  </link>
  <thumbnail>https://images-na.ssl-images-amazon.com/images/M/MV5BMWU4NzA2OWYtNGQ0MS00YWNkLTg4M2YtZjlkZmY1YmJjMDE4XkEyXkFqcGdeQXVyNDc2NjEyMw@@._V1_SY1000_CR0,0,687,1000_AL_.jpg</thumbnail>
 </item>
 
<item>
  <title>The Silence of the Lambs</title>
  <meta>
   <content>movie</content>
   <imdb>tt0102926</imdb>
   <title>The Silence of the Lambs</title>
   <year>1991</year>
  </meta>
  <link>
  <sublink>search</sublink>
  </link>
  <thumbnail>https://images-na.ssl-images-amazon.com/images/M/MV5BNjNhZTk0ZmEtNjJhMi00YzFlLWE1MmEtYzM1M2ZmMGMwMTU4XkEyXkFqcGdeQXVyNjU0OTQ0OTY@._V1_SY1000_CR0,0,677,1000_AL_.jpg</thumbnail>
 </item>
 
<item>
    <title>Hannibal</title>
    <meta>
        <content>movie</content>
        <imdb>tt0212985</imdb>
        <title>Hannibal</title>
        <year>2001</year>
    </meta>
    <link>
    <sublink>search</sublink>
    </link>
    <thumbnail>https://m.media-amazon.com/images/M/MV5BZDMxMjhiZmItNWMxMC00NzYyLWJiOTYtNGYwOTAyYjU5OWY4XkEyXkFqcGdeQXVyNzkwMjQ5NzM@._V1_SY1000_CR0,0,694,1000_AL_.jpg</thumbnail>
</item>
 
<item>
    <title>Red Dragon</title>
    <meta>
        <content>movie</content>
        <imdb>tt0289765</imdb>
        <title>Red Dragon</title>
        <year>2002</year>
    </meta>
    <link>
    <sublink>search</sublink>
    <sublink>searchsd</sublink>
    </link>
    <thumbnail>https://images-na.ssl-images-amazon.com/images/M/MV5BMTQ4MDgzNjM5MF5BMl5BanBnXkFtZTYwMjUwMzY2._V1_.jpg</thumbnail>
</item>
 
<item>
    <title>Hannibal Rising</title>
    <meta>
        <content>movie</content>
        <imdb>tt0367959</imdb>
        <title>Hannibal Rising</title>
        <year>2007</year>
    </meta>
    <link>
    <sublink>search</sublink>
    </link>
    <thumbnail>https://images-na.ssl-images-amazon.com/images/M/MV5BMTIzMTA0NTM4NF5BMl5BanBnXkFtZTcwNjY3ODM0MQ@@._V1_.jpg</thumbnail>
</item>
 
<item>
  <title>The Terminator</title>
  <meta>
   <content>movie</content>
   <imdb>tt0088247</imdb>
   <title>The Terminator</title>
   <year>1984</year>
  </meta>
  <link>
  <sublink>search</sublink>
  </link>
  <thumbnail>https://images-na.ssl-images-amazon.com/images/M/MV5BODE1MDczNTUxOV5BMl5BanBnXkFtZTcwMTA0NDQyNA@@._V1_SY1000_CR0,0,666,1000_AL_.jpg</thumbnail>
 </item>
 
<item>
  <title>Terminator 2: Judgment Day</title>
  <meta>
   <content>movie</content>
   <imdb>tt0103064</imdb>
   <title>Terminator 2: Judgment Day</title>
   <year>1991</year>
  </meta>
  <link>
  <sublink>search</sublink>
  </link>
  <thumbnail>https://images-na.ssl-images-amazon.com/images/M/MV5BMGU2NzRmZjUtOGUxYS00ZjdjLWEwZWItY2NlM2JhNjkxNTFmXkEyXkFqcGdeQXVyNjU0OTQ0OTY@._V1_SY999_CR0,0,672,999_AL_.jpg</thumbnail>
 </item>
 
<item>
  <title>Terminator 3: Rise of the Machines</title>
  <meta>
   <content>movie</content>
   <imdb>tt0181852</imdb>
   <title>Terminator 3: Rise of the Machines</title>
   <year>2003</year>
  </meta>
  <link>
  <sublink>search</sublink>
  </link>
  <thumbnail>https://images-na.ssl-images-amazon.com/images/M/MV5BMTk5NzM1ODgyN15BMl5BanBnXkFtZTcwMzA5MjAzMw@@._V1_SY1000_CR0,0,676,1000_AL_.jpg</thumbnail>
 </item>
 
<item>
  <title>Terminator Salvation</title>
  <meta>
   <content>movie</content>
   <imdb>tt0438488</imdb>
   <title>Terminator Salvation</title>
   <year>2009</year>
  </meta>
  <link>
  <sublink>http://dl.tehmovies.org/94/95/9/Terminator.4.720p.Tehmovies.biz.mkv</sublink>
  <sublink>search</sublink>
  </link>
  <thumbnail>https://images-na.ssl-images-amazon.com/images/M/MV5BODE1MTM1MzA2NF5BMl5BanBnXkFtZTcwODQ5MTA2Mg@@._V1_SY1000_CR0,0,740,1000_AL_.jpg</thumbnail>
 </item>
 
<item>
  <title>Terminator Genisys</title>
  <meta>
   <content>movie</content>
   <imdb>tt1340138</imdb>
   <title>Terminator Genisys</title>
   <year>2015</year>
  </meta>
  <link>
  <sublink>search</sublink>
  </link>
  <thumbnail>https://images-na.ssl-images-amazon.com/images/M/MV5BMjM1NTc0NzE4OF5BMl5BanBnXkFtZTgwNDkyNjQ1NTE@._V1_.jpg</thumbnail>
 </item>
 
<item>
  <title>The Thin Red Line</title>
  <meta>
   <content>movie</content>
   <imdb>tt0120863</imdb>
   <title>The Thin Red Line</title>
   <year>1998</year>
  </meta>
  <link>
  <sublink>search</sublink>
  </link>
  <thumbnail>https://images-na.ssl-images-amazon.com/images/M/MV5BYjEzMTM2NjAtNWFmZC00MTVlLTgyMmQtMGQyNTFjZDk5N2NmXkEyXkFqcGdeQXVyNzQ1ODk3MTQ@._V1_SY1000_CR0,0,673,1000_AL_.jpg</thumbnail>
 </item>
 
<item>
  <title>The Up in Smoke Tour</title>
  <meta>
   <content>movie</content>
   <imdb>tt0278793</imdb>
   <title>The Up in Smoke Tour</title>
   <year>2000</year>
  </meta>
  <link>
  <sublink>https://streamango.com/f/kdmlbmnsoclaamla</sublink>
  <sublink>search</sublink>
  </link>
  <thumbnail>https://images-na.ssl-images-amazon.com/images/M/MV5BMjEyMzU2Mjk4Ml5BMl5BanBnXkFtZTcwMTE2NDYxMQ@@._V1_.jpg</thumbnail>
 </item>
 
<item>
  <title>Top Gun</title>
  <meta>
   <content>movie</content>
   <imdb>tt0092099</imdb>
   <title>Top Gun</title>
   <year>1986</year>
  </meta>
  <link>
  <sublink>search</sublink>
  </link>
  <thumbnail>https://images-na.ssl-images-amazon.com/images/M/MV5BZjQxYTA3ODItNzgxMy00N2Y2LWJlZGMtMTRlM2JkZjI1ZDhhXkEyXkFqcGdeQXVyNDk3NzU2MTQ@._V1_SY1000_CR0,0,646,1000_AL_.jpg</thumbnail>
 </item>
 
<item>
  <title>Total Recall</title>
  <meta>
   <content>movie</content>
   <imdb>tt0100802</imdb>
   <title>Total Recall</title>
   <year>1990</year>
  </meta>
  <link>
  <sublink>search</sublink>
  </link>
  <thumbnail>https://images-na.ssl-images-amazon.com/images/M/MV5BYzU1YmJjMGEtMjY4Yy00MTFlLWE3NTUtNzI3YjkwZTMxZjZmXkEyXkFqcGdeQXVyNDc2NjEyMw@@._V1_SY1000_CR0,0,673,1000_AL_.jpg</thumbnail>
 </item>
 
<item>
    <title>Total Recall</title>
    <meta>
        <content>movie</content>
        <imdb>tt1386703</imdb>
        <title>Total Recall</title>
        <year>2012</year>
    </meta>
    <link>
    <sublink>search</sublink>
    </link>
    <thumbnail>https://images-na.ssl-images-amazon.com/images/M/MV5BN2ZiMDMzYWItNDllZC00ZmRmLWI1YzktM2M5M2ZmZDg1OGNlXkEyXkFqcGdeQXVyNDQ2MTMzODA@._V1_SY1000_CR0,0,706,1000_AL_.jpg</thumbnail>
</item>
 
<item>
  <title>Transporter</title>
  <meta>
   <content>movie</content>
   <imdb>tt0293662</imdb>
   <title>The Transporter</title>
   <year>2002</year>
  </meta>
  <link>
  <sublink>search</sublink>
  </link>
  <thumbnail>https://images-na.ssl-images-amazon.com/images/M/MV5BMTk2NDc2MDAxN15BMl5BanBnXkFtZTYwNDc1NDY2._V1_.jpg</thumbnail>
 </item>
 
<item>
  <title>Transporter 2</title>
  <meta>
   <content>movie</content>
   <imdb>tt0388482</imdb>
   <title>Transporter 2</title>
   <year>2005</year>
  </meta>
  <link>
  <sublink>search</sublink>
  </link>
  <thumbnail>https://images-na.ssl-images-amazon.com/images/M/MV5BMTQ5MDM0MTI2N15BMl5BanBnXkFtZTcwNTM5NDczMw@@._V1_SY1000_CR0,0,666,1000_AL_.jpg</thumbnail>
 </item>
 
<item>
  <title>Transporter 3</title>
  <meta>
   <content>movie</content>
   <imdb>tt1129442</imdb>
   <title>Transporter 3</title>
   <year>2008</year>
  </meta>
  <link>
  <sublink>search</sublink>
  </link>
  <thumbnail>https://images-na.ssl-images-amazon.com/images/M/MV5BMTkxNzg1OTU4M15BMl5BanBnXkFtZTcwMjcyMjI5MQ@@._V1_.jpg</thumbnail>
 </item>
 
<item>
  <title>Transformers</title>
  <meta>
   <content>movie</content>
   <imdb>tt0418279</imdb>
   <title>Transformers</title>
   <year>2007</year>
  </meta>
  <link>  <sublink>search</sublink>
  </link>
  <thumbnail>https://images-na.ssl-images-amazon.com/images/M/MV5BNDg1NTU2OWEtM2UzYi00ZWRmLWEwMTktZWNjYWQ1NWM1OThjXkEyXkFqcGdeQXVyMTQxNzMzNDI@._V1_SY1000_CR0,0,674,1000_AL_.jpg</thumbnail>
 </item>
 
<item>
  <title>Transformers: Revenge of the Fallen</title>
  <meta>
   <content>movie</content>
   <imdb>tt1055369</imdb>
   <title>Transformers: Revenge of the Fallen</title>
   <year>2009</year>
  </meta>
  <link>  <sublink>search</sublink>
  </link>
  <thumbnail>https://images-na.ssl-images-amazon.com/images/M/MV5BNjk4OTczOTk0NF5BMl5BanBnXkFtZTcwNjQ0NzMzMw@@._V1_SY1000_CR0,0,674,1000_AL_.jpg</thumbnail>
 </item>
 
<item>
  <title>Transformers: Dark of the Moon</title>
  <meta>
   <content>movie</content>
   <imdb>tt1399103</imdb>
   <title>Transformers: Dark of the Moon</title>
   <year>2011</year>
  </meta>
  <link>
  <sublink>search</sublink>
  </link>
  <thumbnail>https://images-na.ssl-images-amazon.com/images/M/MV5BMTkwOTY0MTc1NV5BMl5BanBnXkFtZTcwMDQwNjA2NQ@@._V1_SY1000_CR0,0,668,1000_AL_.jpg</thumbnail>
 </item>
 
<item>
  <title>Transformers: Age of Extinction</title>
  <meta>
   <content>movie</content>
   <imdb>tt2109248</imdb>
   <title>Transformers: Age of Extinction</title>
   <year>2014</year>
  </meta>
  <link>
  <sublink>search</sublink>
  </link>
  <thumbnail>https://images-na.ssl-images-amazon.com/images/M/MV5BMjE1OTMyODA5M15BMl5BanBnXkFtZTgwMjc2MDk3MTE@._V1_.jpg</thumbnail>
 </item>
 
<item>
  <title>Transformers: The Last Knight</title>
  <meta>
   <content>movie</content>
   <imdb>tt3371366</imdb>
   <title>Transformers: The Last Knight</title>
   <year>2017</year>
  </meta>
  <link>
  <sublink>search</sublink>
  </link>
  <thumbnail>https://images-na.ssl-images-amazon.com/images/M/MV5BMTk3OTI3MDk4N15BMl5BanBnXkFtZTgwNDg2ODIyMjI@._V1_.jpg</thumbnail>
 </item>
 
<item>
  <title>True Lies</title>
  <meta>
   <content>movie</content>
   <imdb>tt0111503</imdb>
   <title>True Lies</title>
   <year>1994</year>
  </meta>
  <link>
  <sublink>search</sublink>
  </link>
  <thumbnail>https://images-na.ssl-images-amazon.com/images/M/MV5BYzg5YmUyNGMtMThiNS00MjA2LTgwZDctNDlhM2RkZDNmZmRkXkEyXkFqcGdeQXVyNDk3NzU2MTQ@._V1_SY1000_CR0,0,671,1000_AL_.jpg</thumbnail>
 </item>
 
<item>
  <title>Warrior</title>
  <meta>
   <content>movie</content>
   <imdb>tt1291584</imdb>
   <title>Warrior</title>
   <year>2011</year>
  </meta>
  <link>
  <sublink>search</sublink>
  </link>
  <thumbnail>https://images-na.ssl-images-amazon.com/images/M/MV5BMTk4ODk5MTMyNV5BMl5BanBnXkFtZTcwMDMyNTg0Ng@@._V1_SY1000_CR0,0,648,1000_AL_.jpg</thumbnail>
 </item>
 
<item>
  <title>War of the Worlds</title>
  <meta>
   <content>movie</content>
   <imdb>tt0407304</imdb>
   <title>War of the Worlds</title>
   <year>2005</year>
  </meta>
  <link>  <sublink>search</sublink>
  </link>
  <thumbnail>https://images-na.ssl-images-amazon.com/images/M/MV5BNDUyODAzNDI1Nl5BMl5BanBnXkFtZTcwMDA2NDAzMw@@._V1_SY1000_CR0,0,676,1000_AL_.jpg</thumbnail>
 </item>
 
<item>
  <title>Young Guns</title>
  <meta>
   <content>movie</content>
   <imdb>tt0096487</imdb>
   <title>Young Guns</title>
   <year>1988</year>
  </meta>
  <link>
  <sublink>search</sublink>
  </link>
  <thumbnail>https://images-na.ssl-images-amazon.com/images/M/MV5BODA0MWZhNjctZWUxYy00OThjLWJkNGQtZjNlNGMzY2Y0MDBjXkEyXkFqcGdeQXVyMjY3MjUzNDk@._V1_.jpg</thumbnail>
 </item>
 
<item>
  <title>Young Guns II</title>
  <meta>
   <content>movie</content>
   <imdb>tt0100994</imdb>
   <title>Young Guns II</title>
   <year>1990</year>
  </meta>
  <link>
  <sublink>search</sublink>
  <sublink>searchsd</sublink>
  </link>
<thumbnail>https://images-na.ssl-images-amazon.com/images/M/MV5BMTYzZmQxMDUtZjM1ZC00OTYwLWE4MmUtYTUxNzY2MDg0OTRlXkEyXkFqcGdeQXVyMjY3MjUzNDk@._V1_.jpg</thumbnail>
 </item>
 </xml>