<xml>
<item>
	<title>48 Christmas Wishes</title>
	<meta>
	<imdb>tt7422638</imdb>
	<content>movie</content>
	<title>48 Christmas Wishes</title>
	<year>2017</year>
	</meta>
	<link>
	<sublink>search</sublink>
	<sublink>searchsd</sublink>
	</link>
	<thumbnail>https://image.tmdb.org/t/p/w1280/mrcA62O9j8y4gsSpftMKVcvrzCI.jpg</thumbnail>
	<fanart>https://image.tmdb.org/t/p/w1280</fanart>
</item>
<item>
	<title>A Chipmunk Christmas</title>
	<meta>
	<imdb>tt1146433</imdb>
	<content>movie</content>
	<title>A Chipmunk Christmas</title>
	<year>1981</year>
	</meta>
	<link>
	<sublink>search</sublink>
	<sublink>searchsd</sublink>
	</link>
	<thumbnail>https://image.tmdb.org/t/p/w1280/c1aAJ5pXTy07HYEGmb4BuMp1s5n.jpg</thumbnail>
	<fanart>https://image.tmdb.org/t/p/w1280/udMzhNpvMozr3WHF0a4RV4aJ8o6.jpg</fanart>
</item>
<item>
	<title>A Christmas Carol</title>
	<meta>
	<imdb>tt0087056</imdb>
	<content>movie</content>
	<title>A Christmas Carol</title>
	<year>1984</year>
	</meta>
	<link>
	<sublink>search</sublink>
	<sublink>searchsd</sublink>
	</link>
	<thumbnail>https://image.tmdb.org/t/p/w1280/qONlc5mCqtO9jlMKFd1wdEeiDsC.jpg</thumbnail>
	<fanart>https://image.tmdb.org/t/p/w1280/gaTpxTYQMGoagtMVYK8F7SjqTGM.jpg</fanart>
</item>
<item>
	<title>A Christmas Carol</title>
	<meta>
	<imdb>tt1067106</imdb>
	<content>movie</content>
	<title>A Christmas Carol</title>
	<year>2009</year>
	</meta>
	<link>
	<sublink>search</sublink>
	<sublink>searchsd</sublink>
	</link>
	<thumbnail>https://image.tmdb.org/t/p/w1280/m1cZT78mldTUyVMyedWLx7saRrL.jpg</thumbnail>
	<fanart>https://image.tmdb.org/t/p/w1280/GtwSStViUdhKGf0d7tCkR7alKV.jpg</fanart>
</item>
<item>
	<title>A Christmas Carol</title>
	<meta>
	<imdb>tt0216621</imdb>
	<content>movie</content>
	<title>A Christmas Carol</title>
	<year>1999</year>
	</meta>
	<link>
	<sublink>search</sublink>
	<sublink>searchsd</sublink>
	</link>
	<thumbnail>https://image.tmdb.org/t/p/w1280/r8BDSSIaRVAk8Rkg9GutSoZrikT.jpg</thumbnail>
	<fanart>https://image.tmdb.org/t/p/w1280/lHx4YyJFUJtzkkjEthzjAr9TqE7.jpg</fanart>
</item>
<item>
	<title>A Christmas Horror Story</title>
	<meta>
	<imdb>tt3688406</imdb>
	<content>movie</content>
	<title>A Christmas Horror Story</title>
	<year>2015</year>
	</meta>
	<link>
	<sublink>search</sublink>
	<sublink>searchsd</sublink>
	</link>
	<thumbnail>https://image.tmdb.org/t/p/w1280/2j7TfOmZiIpKWjHvXcqfKgOOtpw.jpg</thumbnail>
	<fanart>https://image.tmdb.org/t/p/w1280/rIZ5Qd8wHWhz7unRI1YUgpkTjpJ.jpg</fanart>
</item>
<item>
	<title>A Christmas Story</title>
	<meta>
	<imdb>tt0085334</imdb>
	<content>movie</content>
	<title>A Christmas Story</title>
	<year>1983</year>
	</meta>
	<link>
	<sublink>search</sublink>
	<sublink>searchsd</sublink>
	</link>
	<thumbnail>https://image.tmdb.org/t/p/w1280/1dSFarRSXwMjFODxPTwyaiNZotF.jpg</thumbnail>
	<fanart>https://image.tmdb.org/t/p/w1280/wok0YepwQfBAPsrttFq0W6HXT2g.jpg</fanart>
</item>
<item>
	<title>A Christmas Story</title>
	<meta>
	<imdb>tt1230119</imdb>
	<content>movie</content>
	<title>A Christmas Story</title>
	<year>1972</year>
	</meta>
	<link>
	<sublink>search</sublink>
	<sublink>searchsd</sublink>
	</link>
	<thumbnail>https://image.tmdb.org/t/p/w1280/3uk1Bn6hZQz3ABOFkxyWCLXJOld.jpg</thumbnail>
	<fanart>https://image.tmdb.org/t/p/w1280/9W6JBUESgKhRNBCJsCA9EDsOtiN.jpg</fanart>
</item>
<item>
	<title>A Christmas Story 2</title>
	<meta>
	<imdb>tt2281069</imdb>
	<content>movie</content>
	<title>A Christmas Story 2</title>
	<year>2012</year>
	</meta>
	<link>
	<sublink>search</sublink>
	<sublink>searchsd</sublink>
	</link>
	<thumbnail>https://image.tmdb.org/t/p/w1280/iJkPmBIGlVr2A9F5G7D56NIUoAC.jpg</thumbnail>
	<fanart>https://image.tmdb.org/t/p/w1280/hpIKTswF0t9r0pqL1iCjROr1Elw.jpg</fanart>
</item>
<item>
	<title>A Christmas Wedding Tail</title>
	<meta>
	<imdb>tt2024354</imdb>
	<content>movie</content>
	<title>A Christmas Wedding Tail</title>
	<year>2011</year>
	</meta>
	<link>
	<sublink>search</sublink>
	<sublink>searchsd</sublink>
	</link>
	<thumbnail>https://image.tmdb.org/t/p/w1280/azbBJS3erw8NqzpvnTNt4yOfeXw.jpg</thumbnail>
	<fanart>https://image.tmdb.org/t/p/w1280/qZyAhaW1uCnxSE0ojn3G94Ox8pv.jpg</fanart>
</item>
<item>
	<title>A Winnie the Pooh Thanksgiving</title>
	<meta>
	<imdb>tt0302039</imdb>
	<content>movie</content>
	<title>A Winnie the Pooh Thanksgiving</title>
	<year>1998</year>
	</meta>
	<link>
	<sublink>search</sublink>
	<sublink>searchsd</sublink>
	</link>
	<thumbnail>https://image.tmdb.org/t/p/w1280/wdODlaDigA9JIFhbJHSFYTsaaKy.jpg</thumbnail>
	<fanart>https://image.tmdb.org/t/p/w1280</fanart>
</item>
<item>
	<title>Alvin and the Chipmunks: Christmas with The Chipmunks</title>
	<meta>
	<imdb></imdb>
	<content>movie</content>
	<title>Alvin and the Chipmunks: Christmas with The Chipmunks</title>
	<year>2012</year>
	</meta>
	<link>
	<sublink>search</sublink>
	<sublink>searchsd</sublink>
	</link>
	<thumbnail>https://image.tmdb.org/t/p/w1280/f6C2xbDlon3ljDDph0UdUqeiRYw.jpg</thumbnail>
	<fanart>https://image.tmdb.org/t/p/w1280</fanart>
</item>
<item>
	<title>Bad Santa</title>
	<meta>
	<imdb>tt0307987</imdb>
	<content>movie</content>
	<title>Bad Santa</title>
	<year>2003</year>
	</meta>
	<link>
	<sublink>search</sublink>
	<sublink>searchsd</sublink>
	</link>
	<thumbnail>https://image.tmdb.org/t/p/w1280/103KNOz11U4iojwW6F1rOKKZIDp.jpg</thumbnail>
	<fanart>https://image.tmdb.org/t/p/w1280/xZKE444VlbDzyJhLOybfunAmvFz.jpg</fanart>
</item>
<item>
	<title>Bad Santa 2</title>
	<meta>
	<imdb>tt1798603</imdb>
	<content>movie</content>
	<title>Bad Santa 2</title>
	<year>2016</year>
	</meta>
	<link>
	<sublink>search</sublink>
	<sublink>searchsd</sublink>
	</link>
	<thumbnail>https://image.tmdb.org/t/p/w1280/y3kVZVknjDeLZSanLewaXsuwP12.jpg</thumbnail>
	<fanart>https://image.tmdb.org/t/p/w1280/9tB94sgqEYlGbsJzYaGdqeYF6iF.jpg</fanart>
</item>
<item>
	<title>Bluetoes, the Christmas Elf</title>
	<meta>
	<imdb>tt0179682</imdb>
	<content>movie</content>
	<title>Bluetoes, the Christmas Elf</title>
	<year>1988</year>
	</meta>
	<link>
	<sublink>search</sublink>
	<sublink>searchsd</sublink>
	</link>
	<thumbnail>https://image.tmdb.org/t/p/w1280/rcveAuQoCT4XGw1oFjm40JLy2fQ.jpg</thumbnail>
	<fanart>https://image.tmdb.org/t/p/w1280</fanart>
</item>
<item>
	<title>Christmas in Evergreen</title>
	<meta>
	<imdb>tt7440948</imdb>
	<content>movie</content>
	<title>Christmas in Evergreen</title>
	<year>2017</year>
	</meta>
	<link>
	<sublink>search</sublink>
	<sublink>searchsd</sublink>
	</link>
	<thumbnail>https://image.tmdb.org/t/p/w1280/gdhPThDFrSbH4ihVXfPSAbYC15M.jpg</thumbnail>
	<fanart>https://image.tmdb.org/t/p/w1280</fanart>
</item>
<item>
	<title>Christmas Rush</title>
	<meta>
	<imdb>tt0315398</imdb>
	<content>movie</content>
	<title>Christmas Rush</title>
	<year>2002</year>
	</meta>
	<link>
	<sublink>search</sublink>
	<sublink>searchsd</sublink>
	</link>
	<thumbnail>https://image.tmdb.org/t/p/w1280/4roB5ZKJkNDWAJS0xo2acLXP3mx.jpg</thumbnail>
	<fanart>https://image.tmdb.org/t/p/w1280/IQuGyNwdzwn1vILKwDHBekQ3fR.jpg</fanart>
</item>
<item>
	<title>Christmas Story</title>
	<meta>
	<imdb>tt0772176</imdb>
	<content>movie</content>
	<title>Christmas Story</title>
	<year>2007</year>
	</meta>
	<link>
	<sublink>search</sublink>
	<sublink>searchsd</sublink>
	</link>
	<thumbnail>https://image.tmdb.org/t/p/w1280/A6w3rV01CJoKhX60XwIMx45ecHZ.jpg</thumbnail>
	<fanart>https://image.tmdb.org/t/p/w1280/sV3YUZSGeMwAmcIlDrTJ9sOmyCG.jpg</fanart>
</item>
<item>
	<title>Christmas Vacation 2: Cousin Eddie's Island Adventure</title>
	<meta>
	<imdb>tt0367623</imdb>
	<content>movie</content>
	<title>Christmas Vacation 2: Cousin Eddie's Island Adventure</title>
	<year>2003</year>
	</meta>
	<link>
	<sublink>search</sublink>
	<sublink>searchsd</sublink>
	</link>
	<thumbnail>https://image.tmdb.org/t/p/w1280/7Vsy5i3nLHmHHCd2YihDFmytK7M.jpg</thumbnail>
	<fanart>https://image.tmdb.org/t/p/w1280/arFdj3Ty4jkNQAVs9DT7nodbjwj.jpg</fanart>
</item>
<item>
	<title>Christmas with the Kranks</title>
	<meta>
	<imdb>tt0388419</imdb>
	<content>movie</content>
	<title>Christmas with the Kranks</title>
	<year>2004</year>
	</meta>
	<link>
	<sublink>search</sublink>
	<sublink>searchsd</sublink>
	</link>
	<thumbnail>https://image.tmdb.org/t/p/w1280/6sH8XfDDfTVT8AKZ0UNhnFTsyzJ.jpg</thumbnail>
	<fanart>https://image.tmdb.org/t/p/w1280/cuH95R2FJ2gxZBj8lEUElxShy15.jpg</fanart>
</item>
<item>
	<title>Deck the Halls</title>
	<meta>
	<imdb>tt0790604</imdb>
	<content>movie</content>
	<title>Deck the Halls</title>
	<year>2006</year>
	</meta>
	<link>
	<sublink>search</sublink>
	<sublink>searchsd</sublink>
	</link>
	<thumbnail>https://image.tmdb.org/t/p/w1280/u48kzT5MrSj6Vdnzsn1upjNNW8H.jpg</thumbnail>
	<fanart>https://image.tmdb.org/t/p/w1280/s5ylIDOMcqlGB9Wmhv7cKsLCyuD.jpg</fanart>
</item>
<item>
	<title>Deck the Halls</title>
	<meta>
	<imdb>tt0483361</imdb>
	<content>movie</content>
	<title>Deck the Halls</title>
	<year>2005</year>
	</meta>
	<link>
	<sublink>search</sublink>
	<sublink>searchsd</sublink>
	</link>
	<thumbnail>https://image.tmdb.org/t/p/w1280/w3d7DdguO44aP3k4EDYfOPT0pjS.jpg</thumbnail>
	<fanart>https://image.tmdb.org/t/p/w1280</fanart>
</item>
<item>
	<title>Deck the Halls with Wacky Walls</title>
	<meta>
	<imdb>tt1150937</imdb>
	<content>movie</content>
	<title>Deck the Halls with Wacky Walls</title>
	<year>1983</year>
	</meta>
	<link>
	<sublink>search</sublink>
	<sublink>searchsd</sublink>
	</link>
	<thumbnail>https://image.tmdb.org/t/p/w1280/A8k0IQynybkUfYgOn64FKZrMch.jpg</thumbnail>
	<fanart>https://image.tmdb.org/t/p/w1280</fanart>
</item>
<item>
	<title>Die Hard</title>
	<meta>
	<imdb>tt0095016</imdb>
	<content>movie</content>
	<title>Die Hard</title>
	<year>1988</year>
	</meta>
	<link>
	<sublink>search</sublink>
	<sublink>searchsd</sublink>
	</link>
	<thumbnail>https://image.tmdb.org/t/p/w1280/mc7MubOLcIw3MDvnuQFrO9psfCa.jpg</thumbnail>
	<fanart>https://image.tmdb.org/t/p/w1280/q4NRgTyah0KfxXB0P4DBk0lJR7P.jpg</fanart>
</item>
<item>
	<title>Dr. Seuss' How the Grinch Stole Christmas! and Horton Hears a Who!</title>
	<meta>
	<imdb></imdb>
	<content>movie</content>
	<title>Dr. Seuss' How the Grinch Stole Christmas! and Horton Hears a Who!</title>
	<year>1999</year>
	</meta>
	<link>
	<sublink>search</sublink>
	<sublink>searchsd</sublink>
	</link>
	<thumbnail>https://image.tmdb.org/t/p/w1280/fN1OXL74npi3V9K34kfNLD08vJv.jpg</thumbnail>
	<fanart>https://image.tmdb.org/t/p/w1280/17B93GI9AHdhDFVMAZLl1ewrCN4.jpg</fanart>
</item>
<item>
	<title>Dreamworks Holiday Classics (Merry Madagascar / Shrek the Halls / Gift of the Night Fury)</title>
	<meta>
	<imdb>tt6979738</imdb>
	<content>movie</content>
	<title>Dreamworks Holiday Classics (Merry Madagascar / Shrek the Halls / Gift of the Night Fury)</title>
	<year>2012</year>
	</meta>
	<link>
	<sublink>search</sublink>
	<sublink>searchsd</sublink>
	</link>
	<thumbnail>https://ia.media-imdb.com/images/M/MV5BYzA0MjdjZTQtNGIxNS00NTA0LTk3MjctZGJhMDgwODAzMDY3XkEyXkFqcGdeQXVyNDQ5MDYzMTk@._V1_SY1000_CR0,0,704,1000_AL_.jpg</thumbnail>
	<fanart>https://image.tmdb.org/t/p/w1280/n0E9bawEskvCzL98Abe81AGnqj.jpg</fanart>
</item>
<item>
	<title>Edward Scissorhands</title>
	<meta>
	<imdb>tt0099487</imdb>
	<content>movie</content>
	<title>Edward Scissorhands</title>
	<year>1990</year>
	</meta>
	<link>
	<sublink>search</sublink>
	<sublink>searchsd</sublink>
	</link>
	<thumbnail>https://image.tmdb.org/t/p/w1280/kgLTB53HinftRRwhft7yrUOclDC.jpg</thumbnail>
	<fanart>https://image.tmdb.org/t/p/w1280/jSL39cn3irkniMXthexHksr0ksA.jpg</fanart>
</item>
<item>
	<title>Elf</title>
	<meta>
	<imdb>tt0319343</imdb>
	<content>movie</content>
	<title>Elf</title>
	<year>2003</year>
	</meta>
	<link>
	<sublink>search</sublink>
	<sublink>searchsd</sublink>
	</link>
	<thumbnail>https://image.tmdb.org/t/p/w1280/9jChHqqcpe0zHNTqkNqWZkwkgil.jpg</thumbnail>
	<fanart>https://image.tmdb.org/t/p/w1280/jRzrQ7Thcjpetr0n8B6w980eZet.jpg</fanart>
</item>
<item>
	<title>Elf Bowling the Movie</title>
	<meta>
	<imdb>tt0460811</imdb>
	<content>movie</content>
	<title>Elf Bowling the Movie</title>
	<year>2007</year>
	</meta>
	<link>
	<sublink>search</sublink>
	<sublink>searchsd</sublink>
	</link>
	<thumbnail>https://image.tmdb.org/t/p/w1280/rAf9YMsUYTiRMuYhflPfHRkJSxs.jpg</thumbnail>
	<fanart>https://image.tmdb.org/t/p/w1280/mDcwHmOO1riohnmD7mhUkBrnkNF.jpg</fanart>
</item>
<item>
	<title>Elf-Man</title>
	<meta>
	<imdb>tt2281215</imdb>
	<content>movie</content>
	<title>Elf-Man</title>
	<year>2012</year>
	</meta>
	<link>
	<sublink>search</sublink>
	<sublink>searchsd</sublink>
	</link>
	<thumbnail>https://image.tmdb.org/t/p/w1280/itLrL2B1HO7JePEqGTiMVh4P7CF.jpg</thumbnail>
	<fanart>https://image.tmdb.org/t/p/w1280/sLBzS18bxNvEnCnO4TAbgMegZ8s.jpg</fanart>
</item>
<item>
	<title>Elf: Buddy's Musical Christmas</title>
	<meta>
	<imdb>tt4147830</imdb>
	<content>movie</content>
	<title>Elf: Buddy's Musical Christmas</title>
	<year>2014</year>
	</meta>
	<link>
	<sublink>search</sublink>
	<sublink>searchsd</sublink>
	</link>
	<thumbnail>https://image.tmdb.org/t/p/w1280/2HHi4T5xXBk9rfzpGeskzcYcJFD.jpg</thumbnail>
	<fanart>https://image.tmdb.org/t/p/w1280/finqvPRf8WjxwZkUquaRWQZ2BVq.jpg</fanart>
</item>
<item>
	<title>Finding Mrs. Claus</title>
	<meta>
	<imdb>tt2543818</imdb>
	<content>movie</content>
	<title>Finding Mrs. Claus</title>
	<year>2012</year>
	</meta>
	<link>
	<sublink>search</sublink>
	<sublink>searchsd</sublink>
	</link>
	<thumbnail>https://image.tmdb.org/t/p/w1280/3vcKQtD5ts4st5PSILSl964RuvR.jpg</thumbnail>
	<fanart>https://image.tmdb.org/t/p/w1280/rkSiPfhpF5Tjwqgh7N1ya74uiyA.jpg</fanart>
</item>
<item>
	<title>Gremlins</title>
	<meta>
	<imdb>tt0087363</imdb>
	<content>movie</content>
	<title>Gremlins</title>
	<year>1984</year>
	</meta>
	<link>
	<sublink>search</sublink>
	<sublink>searchsd</sublink>
	</link>
	<thumbnail>https://image.tmdb.org/t/p/w1280/gXDHxQ92qyF6LUYwn6xuK2L8TYW.jpg</thumbnail>
	<fanart>https://image.tmdb.org/t/p/w1280/xZ5SUO6YtIcSwRuKZhNLBfCJzpv.jpg</fanart>
</item>
<item>
	<title>Home Alone</title>
	<meta>
	<imdb>tt0099785</imdb>
	<content>movie</content>
	<title>Home Alone</title>
	<year>1990</year>
	</meta>
	<link>
	<sublink>search</sublink>
	<sublink>searchsd</sublink>
	</link>
	<thumbnail>https://image.tmdb.org/t/p/w1280/5Lo3sWuvbO4AnrAHYBgB5U1Opqd.jpg</thumbnail>
	<fanart>https://image.tmdb.org/t/p/w1280/vUyDnfk7DHaozfl1cXFh6PzbUW4.jpg</fanart>
</item>
<item>
	<title>Home Alone 2: Lost in New York</title>
	<meta>
	<imdb>tt0104431</imdb>
	<content>movie</content>
	<title>Home Alone 2: Lost in New York</title>
	<year>1992</year>
	</meta>
	<link>
	<sublink>search</sublink>
	<sublink>searchsd</sublink>
	</link>
	<thumbnail>https://image.tmdb.org/t/p/w1280/ezGcLFTvwR64I3Z7RqHnXRFet4r.jpg</thumbnail>
	<fanart>https://image.tmdb.org/t/p/w1280/dS1EMlZK8Axj5wrgRpWGLOb85KN.jpg</fanart>
</item>
<item>
	<title>Home Alone 4</title>
	<meta>
	<imdb>tt0329200</imdb>
	<content>movie</content>
	<title>Home Alone 4</title>
	<year>2002</year>
	</meta>
	<link>
	<sublink>search</sublink>
	<sublink>searchsd</sublink>
	</link>
	<thumbnail>https://image.tmdb.org/t/p/w1280/359bHILkiD6ZVCq6WoHSD0UuJQV.jpg</thumbnail>
	<fanart>https://image.tmdb.org/t/p/w1280/xcM06BgNt3cpIVUHRCTTxwo4JJh.jpg</fanart>
</item>
<item>
	<title>Home Alone: The Holiday Heist</title>
	<meta>
	<imdb>tt2308733</imdb>
	<content>movie</content>
	<title>Home Alone: The Holiday Heist</title>
	<year>2012</year>
	</meta>
	<link>
	<sublink>search</sublink>
	<sublink>searchsd</sublink>
	</link>
	<thumbnail>https://image.tmdb.org/t/p/w1280/XPbba0kfQkLWjkttnPFPzSf09a.jpg</thumbnail>
	<fanart>https://image.tmdb.org/t/p/w1280/lZxZGLCFWYKeRXcExxIXALRbF0m.jpg</fanart>
</item>
<item>
	<title>Home for Christmas</title>
	<meta>
	<imdb>tt0099787</imdb>
	<content>movie</content>
	<title>Home for Christmas</title>
	<year>1990</year>
	</meta>
	<link>
	<sublink>search</sublink>
	<sublink>searchsd</sublink>
	</link>
	<thumbnail>https://image.tmdb.org/t/p/w1280/qpZRn4WDlK5uyL0jx3xgaat71Mk.jpg</thumbnail>
	<fanart>https://image.tmdb.org/t/p/w1280/dfVEwqym63O8Q5plsk0eHVguQ6.jpg</fanart>
</item>
<item>
	<title>Home for Christmas</title>
	<meta>
	<imdb>tt3596436</imdb>
	<content>movie</content>
	<title>Home for Christmas</title>
	<year>2014</year>
	</meta>
	<link>
	<sublink>search</sublink>
	<sublink>searchsd</sublink>
	</link>
	<thumbnail>https://image.tmdb.org/t/p/w1280/gvLLcS92xCtvN5Rj63lacoxJ2zJ.jpg</thumbnail>
	<fanart>https://image.tmdb.org/t/p/w1280/gqnUw9efZqrIGzrj0vwKMnTwiSd.jpg</fanart>
</item>
<item>
	<title>How the Grinch Stole Christmas</title>
	<meta>
	<imdb>tt0170016</imdb>
	<content>movie</content>
	<title>How the Grinch Stole Christmas</title>
	<year>2000</year>
	</meta>
	<link>
	<sublink>search</sublink>
	<sublink>searchsd</sublink>
	</link>
	<thumbnail>https://image.tmdb.org/t/p/w1280/vQfgNHbcIWS2j3AAAzLOtPUGVmB.jpg</thumbnail>
	<fanart>https://image.tmdb.org/t/p/w1280/xi6Q3gyfxbdVkHIqwyR4bk7b7GM.jpg</fanart>
</item>
<item>
	<title>I Am Santa Claus</title>
	<meta>
	<imdb>tt2526846</imdb>
	<content>movie</content>
	<title>I Am Santa Claus</title>
	<year>2014</year>
	</meta>
	<link>
	<sublink>search</sublink>
	<sublink>searchsd</sublink>
	</link>
	<thumbnail>https://image.tmdb.org/t/p/w1280/lNrWm9E8tMUaDcdJhB92aNJaRQp.jpg</thumbnail>
	<fanart>https://image.tmdb.org/t/p/w1280/uAYP25A0J9QviKTqsrHrJs7a9Qi.jpg</fanart>
</item>
<item>
	<title>I'll Be Home for Christmas</title>
	<meta>
	<imdb>tt0155753</imdb>
	<content>movie</content>
	<title>I'll Be Home for Christmas</title>
	<year>1998</year>
	</meta>
	<link>
	<sublink>search</sublink>
	<sublink>searchsd</sublink>
	</link>
	<thumbnail>https://image.tmdb.org/t/p/w1280/j8fIMRp8SHSzCGPaoaFSIVNrsiE.jpg</thumbnail>
	<fanart>https://image.tmdb.org/t/p/w1280/2fP8yZHl3FxJUouMCTBqTnSUrno.jpg</fanart>
</item>
<item>
	<title>I'll Be Next Door for Christmas</title>
	<meta>
	<imdb>tt4057146</imdb>
	<content>movie</content>
	<title>I'll Be Next Door for Christmas</title>
	<year>2018</year>
	</meta>
	<link>
	<sublink>search</sublink>
	<sublink>searchsd</sublink>
	</link>
	<thumbnail>https://image.tmdb.org/t/p/w1280/1KHOB1jePFFSg1Z0N7n3fsP7PL7.jpg</thumbnail>
	<fanart>https://image.tmdb.org/t/p/w1280/ix58eNtYMUWg614hztBOnY8i6Og.jpg</fanart>
</item>
<item>
	<title>Jingle All the Way</title>
	<meta>
	<imdb>tt0116705</imdb>
	<content>movie</content>
	<title>Jingle All the Way</title>
	<year>1996</year>
	</meta>
	<link>
	<sublink>search</sublink>
	<sublink>searchsd</sublink>
	</link>
	<thumbnail>https://image.tmdb.org/t/p/w1280/aaVkNhUONnkSv5ijPjq7pEmmWyE.jpg</thumbnail>
	<fanart>https://image.tmdb.org/t/p/w1280/9SNO9BglZJgGTMOB5K4NVgecgX1.jpg</fanart>
</item>
<item>
	<title>Jingle All the Way</title>
	<meta>
	<imdb>tt2039359</imdb>
	<content>movie</content>
	<title>Jingle All the Way</title>
	<year>2011</year>
	</meta>
	<link>
	<sublink>search</sublink>
	<sublink>searchsd</sublink>
	</link>
	<thumbnail>https://image.tmdb.org/t/p/w1280/x4kgOZ3OAhwORbYhJRHlY3iy1rC.jpg</thumbnail>
	<fanart>https://image.tmdb.org/t/p/w1280/dmba7GE6cpJ8O2xitge9iDVU3Gz.jpg</fanart>
</item>
<item>
	<title>Jingle All the Way 2</title>
	<meta>
	<imdb>tt3486392</imdb>
	<content>movie</content>
	<title>Jingle All the Way 2</title>
	<year>2014</year>
	</meta>
	<link>
	<sublink>search</sublink>
	<sublink>searchsd</sublink>
	</link>
	<thumbnail>https://image.tmdb.org/t/p/w1280/nQBQ8E1U9FvPySDmSvJ3gjvxJN7.jpg</thumbnail>
	<fanart>https://image.tmdb.org/t/p/w1280/bsRhkkFDXNKTaqzvzoPkZfdpGFr.jpg</fanart>
</item>
<item>
	<title>John Denver and the Muppets: A Christmas Together</title>
	<meta>
	<imdb>tt0194989</imdb>
	<content>movie</content>
	<title>John Denver and the Muppets: A Christmas Together</title>
	<year>1979</year>
	</meta>
	<link>
	<sublink>search</sublink>
	<sublink>searchsd</sublink>
	</link>
	<thumbnail>https://image.tmdb.org/t/p/w1280/hJBY2o00eEV3XgkQKt9pTkb23fc.jpg</thumbnail>
	<fanart>https://image.tmdb.org/t/p/w1280/ruEZE5Aj9T9r0Sl9a1U1AmsiVBD.jpg</fanart>
</item>
<item>
	<title>Krampus</title>
	<meta>
	<imdb>tt3850590</imdb>
	<content>movie</content>
	<title>Krampus</title>
	<year>2015</year>
	</meta>
	<link>
	<sublink>search</sublink>
	<sublink>searchsd</sublink>
	</link>
	<thumbnail>https://image.tmdb.org/t/p/w1280/27SiV4EBHcTBMz4IKANjhX5iIoX.jpg</thumbnail>
	<fanart>https://image.tmdb.org/t/p/w1280/5GsJuYZuG1bkuSI8FeWol5nvR9S.jpg</fanart>
</item>
<item>
	<title>Krampus Unleashed</title>
	<meta>
	<imdb>tt5714322</imdb>
	<content>movie</content>
	<title>Krampus Unleashed</title>
	<year>2016</year>
	</meta>
	<link>
	<sublink>search</sublink>
	<sublink>searchsd</sublink>
	</link>
	<thumbnail>https://image.tmdb.org/t/p/w1280/oBSbSva8ittIDZ7TFAZCgcx0qCh.jpg</thumbnail>
	<fanart>https://image.tmdb.org/t/p/w1280/akytSvJaGcpIzSmLUSmXf5VO1vA.jpg</fanart>
</item>
<item>
	<title>Krampus: The Christmas Devil</title>
	<meta>
	<imdb>tt2578608</imdb>
	<content>movie</content>
	<title>Krampus: The Christmas Devil</title>
	<year>2013</year>
	</meta>
	<link>
	<sublink>search</sublink>
	<sublink>searchsd</sublink>
	</link>
	<thumbnail>https://image.tmdb.org/t/p/w1280/lEiSaXSDvtPEGuTbCjmubxKHZeU.jpg</thumbnail>
	<fanart>https://image.tmdb.org/t/p/w1280/z9FjlaCnWuL7IvZQn9kozQSqTDX.jpg</fanart>
</item>
<item>
	<title>Krampus: The Devil Returns</title>
	<meta>
	<imdb>tt3527772</imdb>
	<content>movie</content>
	<title>Krampus: The Devil Returns</title>
	<year>2016</year>
	</meta>
	<link>
	<sublink>search</sublink>
	<sublink>searchsd</sublink>
	</link>
	<thumbnail>https://image.tmdb.org/t/p/w1280/pGNamAC9LfnCTlrqGVMtgcSPLBg.jpg</thumbnail>
	<fanart>https://image.tmdb.org/t/p/w1280/51kD0TFRsh2VIAlx0KpRsYArCvO.jpg</fanart>
</item>
<item>
	<title>Krampus: The Reckoning</title>
	<meta>
	<imdb>tt4820312</imdb>
	<content>movie</content>
	<title>Krampus: The Reckoning</title>
	<year>2015</year>
	</meta>
	<link>
	<sublink>search</sublink>
	<sublink>searchsd</sublink>
	</link>
	<thumbnail>https://image.tmdb.org/t/p/w1280/avMduNzhxIzwokHY0pEsTO3pJI.jpg</thumbnail>
	<fanart>https://image.tmdb.org/t/p/w1280/qzshXYvyckXYaWAPEH2lsDITDJ4.jpg</fanart>
</item>
<item>
	<title>Lady Gaga and the Muppets Holiday Spectacular</title>
	<meta>
	<imdb>tt3268828</imdb>
	<content>movie</content>
	<title>Lady Gaga and the Muppets Holiday Spectacular</title>
	<year>2013</year>
	</meta>
	<link>
	<sublink>search</sublink>
	<sublink>searchsd</sublink>
	</link>
	<thumbnail>https://image.tmdb.org/t/p/w1280/ptxpQD2WNWrFcxYPQ5xWdgjuTYG.jpg</thumbnail>
	<fanart>https://image.tmdb.org/t/p/w1280/cqn6WmwnFwEs3WRVUgsc6kB2fRI.jpg</fanart>
</item>
<item>
	<title>Love Actually</title>
	<meta>
	<imdb>tt0314331</imdb>
	<content>movie</content>
	<title>Love Actually</title>
	<year>2003</year>
	</meta>
	<link>
	<sublink>search</sublink>
	<sublink>searchsd</sublink>
	</link>
	<thumbnail>https://image.tmdb.org/t/p/w1280/kfX8Ctin3fSZbdnjh6CXSNZUOVP.jpg</thumbnail>
	<fanart>https://image.tmdb.org/t/p/w1280/nnfORNm5LclB9zxN3TqDKFTGOvT.jpg</fanart>
</item>
<item>
	<title>Love at the Christmas Table</title>
	<meta>
	<imdb>tt2460976</imdb>
	<content>movie</content>
	<title>Love at the Christmas Table</title>
	<year>2012</year>
	</meta>
	<link>
	<sublink>search</sublink>
	<sublink>searchsd</sublink>
	</link>
	<thumbnail>https://image.tmdb.org/t/p/w1280/1hRWCN9tV4C6llQgJLIdK518RB3.jpg</thumbnail>
	<fanart>https://image.tmdb.org/t/p/w1280/kkaJwTrpPKD7sd1dfITThbYABWY.jpg</fanart>
</item>
<item>
	<title>Merry Madagascar</title>
	<meta>
	<imdb>tt1526300</imdb>
	<content>movie</content>
	<title>Merry Madagascar</title>
	<year>2009</year>
	</meta>
	<link>
	<sublink>search</sublink>
	<sublink>searchsd</sublink>
	</link>
	<thumbnail>https://image.tmdb.org/t/p/w1280/yb8X45eBtkcEWfcQLdVlTE82pLE.jpg</thumbnail>
	<fanart>https://image.tmdb.org/t/p/w1280/bIA6DNEf3luPT9T5RzLVkBkXMNq.jpg</fanart>
</item>
<item>
	<title>Mickey's Christmas Carol</title>
	<meta>
	<imdb>tt0085936</imdb>
	<content>movie</content>
	<title>Mickey's Christmas Carol</title>
	<year>1983</year>
	</meta>
	<link>
	<sublink>search</sublink>
	<sublink>searchsd</sublink>
	</link>
	<thumbnail>https://image.tmdb.org/t/p/w1280/b5bOnImybMdWNA415PXFjMWlsi7.jpg</thumbnail>
	<fanart>https://image.tmdb.org/t/p/w1280/fDK3xeAcQfQ40ZUULgZshElkspa.jpg</fanart>
</item>
<item>
	<title>Mickey's Magical Christmas: Snowed in at the House of Mouse</title>
	<meta>
	<imdb>tt0300195</imdb>
	<content>movie</content>
	<title>Mickey's Magical Christmas: Snowed in at the House of Mouse</title>
	<year>2001</year>
	</meta>
	<link>
	<sublink>search</sublink>
	<sublink>searchsd</sublink>
	</link>
	<thumbnail>https://image.tmdb.org/t/p/w1280/3yIvYvNvarfvwc9YnC0ZbAHhfRK.jpg</thumbnail>
	<fanart>https://image.tmdb.org/t/p/w1280/zK2Z40YMpJXrdjtB87hLC4r07QS.jpg</fanart>
</item>
<item>
	<title>Mother Krampus</title>
	<meta>
	<imdb>tt6126492</imdb>
	<content>movie</content>
	<title>Mother Krampus</title>
	<year>2017</year>
	</meta>
	<link>
	<sublink>search</sublink>
	<sublink>searchsd</sublink>
	</link>
	<thumbnail>https://image.tmdb.org/t/p/w1280/sFxUuhkiMdpTYZrURrW0OxVrlJS.jpg</thumbnail>
	<fanart>https://image.tmdb.org/t/p/w1280/rIRS9h6H4yOfhlLuXAYRBEwDp9M.jpg</fanart>
</item>
<item>
	<title>National Lampoon's Christmas Vacation</title>
	<meta>
	<imdb>tt0097958</imdb>
	<content>movie</content>
	<title>National Lampoon's Christmas Vacation</title>
	<year>1989</year>
	</meta>
	<link>
	<sublink>search</sublink>
	<sublink>searchsd</sublink>
	</link>
	<thumbnail>https://image.tmdb.org/t/p/w1280/uh2sQFjRXCwexWcBtV7OEnL1c5G.jpg</thumbnail>
	<fanart>https://image.tmdb.org/t/p/w1280/o5yflApN9GuOkmnv6O9l4z83U5F.jpg</fanart>
</item>
<item>
	<title>Rudolph the Red-Nosed Reindeer</title>
	<meta>
	<imdb>tt0156031</imdb>
	<content>movie</content>
	<title>Rudolph the Red-Nosed Reindeer</title>
	<year>1948</year>
	</meta>
	<link>
	<sublink>search</sublink>
	<sublink>searchsd</sublink>
	</link>
	<thumbnail>https://image.tmdb.org/t/p/w1280/veejC1M4eIHyKZqh1ZKrjkij0EF.jpg</thumbnail>
	<fanart>https://image.tmdb.org/t/p/w1280/rvWIPQUUCNLF3AHCBlpyRyIsKLD.jpg</fanart>
</item>
<item>
	<title>Rudolph the Red-Nosed Reindeer & the Island of Misfit Toys</title>
	<meta>
	<imdb>tt0293913</imdb>
	<content>movie</content>
	<title>Rudolph the Red-Nosed Reindeer & the Island of Misfit Toys</title>
	<year>2001</year>
	</meta>
	<link>
	<sublink>search</sublink>
	<sublink>searchsd</sublink>
	</link>
	<thumbnail>https://image.tmdb.org/t/p/w1280/xnCxEFaOltMWkeyICS38dfoLkMA.jpg</thumbnail>
	<fanart>https://image.tmdb.org/t/p/w1280/9D0rp8scy3yXprhVdho2qxsvw59.jpg</fanart>
</item>
<item>
	<title>Rudolph the Red-Nosed Reindeer: The Movie</title>
	<meta>
	<imdb>tt0137201</imdb>
	<content>movie</content>
	<title>Rudolph the Red-Nosed Reindeer: The Movie</title>
	<year>1998</year>
	</meta>
	<link>
	<sublink>search</sublink>
	<sublink>searchsd</sublink>
	</link>
	<thumbnail>https://image.tmdb.org/t/p/w1280/twZ8byxrmg5MSegiqog1v4kMUDJ.jpg</thumbnail>
	<fanart>https://image.tmdb.org/t/p/w1280/2StdMG93eZitka68AKeZw3EYPd6.jpg</fanart>
</item>
<item>
	<title>Rudolph, the Red-Nosed Reindeer</title>
	<meta>
	<imdb>tt0058536</imdb>
	<content>movie</content>
	<title>Rudolph, the Red-Nosed Reindeer</title>
	<year>1964</year>
	</meta>
	<link>
	<sublink>search</sublink>
	<sublink>searchsd</sublink>
	</link>
	<thumbnail>https://image.tmdb.org/t/p/w1280/r0vtyGOwTLZg4pgtbjlMGke7Qo1.jpg</thumbnail>
	<fanart>https://image.tmdb.org/t/p/w1280/3Y8Uyeev83zpOkLgh94ZoAaIfeS.jpg</fanart>
</item>
<item>
	<title>Santa Claus</title>
	<meta>
	<imdb>tt0053241</imdb>
	<content>movie</content>
	<title>Santa Claus</title>
	<year>1959</year>
	</meta>
	<link>
	<sublink>search</sublink>
	<sublink>searchsd</sublink>
	</link>
	<thumbnail>https://image.tmdb.org/t/p/w1280/8azrDHUunZJxFWTlJa8v9Cx5m2f.jpg</thumbnail>
	<fanart>https://image.tmdb.org/t/p/w1280/1WmWZaIZwmkaxlSiAcGU7HZhzCt.jpg</fanart>
</item>
<item>
	<title>Santa Claus Conquers the Martians</title>
	<meta>
	<imdb>tt0058548</imdb>
	<content>movie</content>
	<title>Santa Claus Conquers the Martians</title>
	<year>1964</year>
	</meta>
	<link>
	<sublink>search</sublink>
	<sublink>searchsd</sublink>
	</link>
	<thumbnail>https://image.tmdb.org/t/p/w1280/7GDTDDHcdf9fiIScvbVvHbLDNzJ.jpg</thumbnail>
	<fanart>https://image.tmdb.org/t/p/w1280/8g4zVxzYHza6IEu2R11KScvHGOA.jpg</fanart>
</item>
<item>
	<title>Santa Claus Is Comin' to Town</title>
	<meta>
	<imdb>tt0066327</imdb>
	<content>movie</content>
	<title>Santa Claus Is Comin' to Town</title>
	<year>1970</year>
	</meta>
	<link>
	<sublink>search</sublink>
	<sublink>searchsd</sublink>
	</link>
	<thumbnail>https://image.tmdb.org/t/p/w1280/otO3xI0R7O3NcSy2cOFRLlxbSYA.jpg</thumbnail>
	<fanart>https://image.tmdb.org/t/p/w1280/zbc9LCaJcwSLKQntBxxA2YoixQa.jpg</fanart>
</item>
<item>
	<title>Santa Claus Jon Krajok</title>
	<meta>
	<imdb></imdb>
	<content>movie</content>
	<title>Santa Claus Jon Krajok</title>
	<year>2004</year>
	</meta>
	<link>
	<sublink>search</sublink>
	<sublink>searchsd</sublink>
	</link>
	<thumbnail>https://image.tmdb.org/t/p/w1280/6PKRWAxaO2V7ud6QguwKrFFtAJ9.jpg</thumbnail>
	<fanart>https://image.tmdb.org/t/p/w1280</fanart>
</item>
<item>
	<title>Santa Claus. Battle of Mages</title>
	<meta>
	<imdb>tt6011884</imdb>
	<content>movie</content>
	<title>Santa Claus. Battle of Mages</title>
	<year>2016</year>
	</meta>
	<link>
	<sublink>search</sublink>
	<sublink>searchsd</sublink>
	</link>
	<thumbnail>https://image.tmdb.org/t/p/w1280/3wnHeVidgwVnZyNwO2Iau7D2Aj5.jpg</thumbnail>
	<fanart>https://image.tmdb.org/t/p/w1280/z1sdne1oOf4Rg8ZVR6ZIcIQkMqB.jpg</fanart>
</item>
<item>
	<title>Santa's Boot Camp</title>
	<meta>
	<imdb>tt2331053</imdb>
	<content>movie</content>
	<title>Santa's Boot Camp</title>
	<year>2016</year>
	</meta>
	<link>
	<sublink>search</sublink>
	<sublink>searchsd</sublink>
	</link>
	<thumbnail>https://image.tmdb.org/t/p/w1280/i6Jhrk6os1Yz1oD5J9oyxrZE1Xj.jpg</thumbnail>
	<fanart>https://image.tmdb.org/t/p/w1280</fanart>
</item>
<item>
	<title>Single Santa Seeks Mrs. Claus</title>
	<meta>
	<imdb>tt0413900</imdb>
	<content>movie</content>
	<title>Single Santa Seeks Mrs. Claus</title>
	<year>2004</year>
	</meta>
	<link>
	<sublink>search</sublink>
	<sublink>searchsd</sublink>
	</link>
	<thumbnail>https://image.tmdb.org/t/p/w1280/w6IKMiGB32SskYwJwrOLOmK5W3L.jpg</thumbnail>
	<fanart>https://image.tmdb.org/t/p/w1280/x4sHIjn42Ep8qO0zJyp3FFv9lLJ.jpg</fanart>
</item>
<item>
	<title>Sofia The First: Holiday In Enchancia</title>
	<meta>
	<imdb>tt2340558</imdb>
	<content>movie</content>
	<title>Sofia The First: Holiday In Enchancia</title>
	<year>2014</year>
	</meta>
	<link>
	<sublink>search</sublink>
	<sublink>searchsd</sublink>
	</link>
	<thumbnail>https://image.tmdb.org/t/p/w1280/yLZyoPx7YLIlbfhOsmFuoP5EAGP.jpg</thumbnail>
	<fanart>https://image.tmdb.org/t/p/w1280</fanart>
</item>
<item>
	<title>The Best Man Holiday</title>
	<meta>
	<imdb>tt2083355</imdb>
	<content>movie</content>
	<title>The Best Man Holiday</title>
	<year>2013</year>
	</meta>
	<link>
	<sublink>search</sublink>
	<sublink>searchsd</sublink>
	</link>
	<thumbnail>https://image.tmdb.org/t/p/w1280/1JAWHObAVzVLUmsDggIsew54dUr.jpg</thumbnail>
	<fanart>https://image.tmdb.org/t/p/w1280/9BSWyBUr3avGF2v8omu6iW20mel.jpg</fanart>
</item>
<item>
	<title>The Christmas Elves</title>
	<meta>
	<imdb>tt1125861</imdb>
	<content>movie</content>
	<title>The Christmas Elves</title>
	<year>1995</year>
	</meta>
	<link>
	<sublink>search</sublink>
	<sublink>searchsd</sublink>
	</link>
	<thumbnail>https://image.tmdb.org/t/p/w1280/ZvlWgF3ws6bLrPD23dziO0efTC.jpg</thumbnail>
	<fanart>https://image.tmdb.org/t/p/w1280</fanart>
</item>
<item>
	<title>The Elf Who Didn't Believe</title>
	<meta>
	<imdb>tt0123055</imdb>
	<content>movie</content>
	<title>The Elf Who Didn't Believe</title>
	<year>1997</year>
	</meta>
	<link>
	<sublink>search</sublink>
	<sublink>searchsd</sublink>
	</link>
	<thumbnail>https://image.tmdb.org/t/p/w1280/wFlbGglXZIqcLsaufwY0Ex4YYv0.jpg</thumbnail>
	<fanart>https://image.tmdb.org/t/p/w1280</fanart>
</item>
<item>
	<title>The Family Holiday</title>
	<meta>
	<imdb>tt1105274</imdb>
	<content>movie</content>
	<title>The Family Holiday</title>
	<year>2007</year>
	</meta>
	<link>
	<sublink>search</sublink>
	<sublink>searchsd</sublink>
	</link>
	<thumbnail>https://image.tmdb.org/t/p/w1280/esvWsUaxeg8FOkLY1wTfSyTUJtk.jpg</thumbnail>
	<fanart>https://image.tmdb.org/t/p/w1280/4Uq5wCzCTfbmQc2CcrJQHeldF3F.jpg</fanart>
</item>
<item>
	<title>The Grinch</title>
	<meta>
	<imdb>tt2709692</imdb>
	<content>movie</content>
	<title>The Grinch</title>
	<year>2018</year>
	</meta>
	<link>
	<sublink>search</sublink>
	<sublink>searchsd</sublink>
	</link>
	<thumbnail>https://image.tmdb.org/t/p/w1280/lK3BZcdmfQWvOSQeJa6Oes79LXB.jpg</thumbnail>
	<fanart>https://image.tmdb.org/t/p/w1280/kHhCz4JCs5oDp4xo2tuuYF88M34.jpg</fanart>
</item>
<item>
	<title>The Happy Elf</title>
	<meta>
	<imdb>tt0492460</imdb>
	<content>movie</content>
	<title>The Happy Elf</title>
	<year>2005</year>
	</meta>
	<link>
	<sublink>search</sublink>
	<sublink>searchsd</sublink>
	</link>
	<thumbnail>https://image.tmdb.org/t/p/w1280/yC51hP4jdhJGr92stQCCfxJqfKG.jpg</thumbnail>
	<fanart>https://image.tmdb.org/t/p/w1280/hBmDYCVaaMOA2Io28SOPVWHRz8J.jpg</fanart>
</item>
<item>
	<title>The Holiday</title>
	<meta>
	<imdb>tt0457939</imdb>
	<content>movie</content>
	<title>The Holiday</title>
	<year>2006</year>
	</meta>
	<link>
	<sublink>search</sublink>
	<sublink>searchsd</sublink>
	</link>
	<thumbnail>https://image.tmdb.org/t/p/w1280/ixNtpuq8OVp4IckgzkSJIflFDkw.jpg</thumbnail>
	<fanart>https://image.tmdb.org/t/p/w1280/9TP7FGdo9ppnuXX3DbB9RtzYKkh.jpg</fanart>
</item>
<item>
	<title>The Madagascar Penguins in a Christmas Caper</title>
	<meta>
	<imdb>tt0484439</imdb>
	<content>movie</content>
	<title>The Madagascar Penguins in a Christmas Caper</title>
	<year>2005</year>
	</meta>
	<link>
	<sublink>search</sublink>
	<sublink>searchsd</sublink>
	</link>
	<thumbnail>https://image.tmdb.org/t/p/w1280/r8QtfGSjDaY6vICRVyYvZvTkjxc.jpg</thumbnail>
	<fanart>https://image.tmdb.org/t/p/w1280/adfDHDLCiMuvmJzbGMAEJ6j9oQR.jpg</fanart>
</item>
<item>
	<title>The Nightmare Before Christmas</title>
	<meta>
	<imdb>tt0107688</imdb>
	<content>movie</content>
	<title>The Nightmare Before Christmas</title>
	<year>1993</year>
	</meta>
	<link>
	<sublink>search</sublink>
	<sublink>searchsd</sublink>
	</link>
	<thumbnail>https://image.tmdb.org/t/p/w1280/6oxkO1VgKCq74fNILKAg6t2dVEt.jpg</thumbnail>
	<fanart>https://image.tmdb.org/t/p/w1280/8MzrNA4WMwgKnGzOzqFZpa9gEhm.jpg</fanart>
</item>
<item>
	<title>The Perfect Holiday</title>
	<meta>
	<imdb>tt0841032</imdb>
	<content>movie</content>
	<title>The Perfect Holiday</title>
	<year>2007</year>
	</meta>
	<link>
	<sublink>search</sublink>
	<sublink>searchsd</sublink>
	</link>
	<thumbnail>https://image.tmdb.org/t/p/w1280/qzZW34HDyNKAflRng4a0Q3GjTn7.jpg</thumbnail>
	<fanart>https://image.tmdb.org/t/p/w1280/4UXRa9k0urUCbomYYJZLFi4AKEN.jpg</fanart>
</item>
<item>
	<title>The Polar Express</title>
	<meta>
	<imdb>tt0338348</imdb>
	<content>movie</content>
	<title>The Polar Express</title>
	<year>2004</year>
	</meta>
	<link>
	<sublink>search</sublink>
	<sublink>searchsd</sublink>
	</link>
	<thumbnail>https://image.tmdb.org/t/p/w1280/2NETsNUxcfBdKtq3W5YbT9O03Ak.jpg</thumbnail>
	<fanart>https://image.tmdb.org/t/p/w1280/AcXCaPRB037DZoZZ2cJzRSxrNBP.jpg</fanart>
</item>
<item>
	<title>The Santa Claus Gang</title>
	<meta>
	<imdb>tt1680095</imdb>
	<content>movie</content>
	<title>The Santa Claus Gang</title>
	<year>2010</year>
	</meta>
	<link>
	<sublink>search</sublink>
	<sublink>searchsd</sublink>
	</link>
	<thumbnail>https://image.tmdb.org/t/p/w1280/oVwDjF4Cpb0y6MWPysZcv4XzNjg.jpg</thumbnail>
	<fanart>https://image.tmdb.org/t/p/w1280/lH8X241e0BP5s3pIN0F4dKkqtjP.jpg</fanart>
</item>
<item>
	<title>The Santa Clause</title>
	<meta>
	<imdb>tt0111070</imdb>
	<content>movie</content>
	<title>The Santa Clause</title>
	<year>1994</year>
	</meta>
	<link>
	<sublink>search</sublink>
	<sublink>searchsd</sublink>
	</link>
	<thumbnail>https://image.tmdb.org/t/p/w1280/hrZjAYAF1o37k4Qb442c4yxwVLw.jpg</thumbnail>
	<fanart>https://image.tmdb.org/t/p/w1280/rcQZmnhcb6P4mkgJAHnCYp3c1gp.jpg</fanart>
</item>
<item>
	<title>The Santa Clause 2</title>
	<meta>
	<imdb>tt0304669</imdb>
	<content>movie</content>
	<title>The Santa Clause 2</title>
	<year>2002</year>
	</meta>
	<link>
	<sublink>search</sublink>
	<sublink>searchsd</sublink>
	</link>
	<thumbnail>https://image.tmdb.org/t/p/w1280/i7tbiDPIaa4VsQh1wWmbkY4zTRX.jpg</thumbnail>
	<fanart>https://image.tmdb.org/t/p/w1280/mwbooc3CGllnnaDU3CLuLSc9XV7.jpg</fanart>
</item>
<item>
	<title>The Star Wars Holiday Special</title>
	<meta>
	<imdb>tt0193524</imdb>
	<content>movie</content>
	<title>The Star Wars Holiday Special</title>
	<year>1978</year>
	</meta>
	<link>
	<sublink>search</sublink>
	<sublink>searchsd</sublink>
	</link>
	<thumbnail>https://image.tmdb.org/t/p/w1280/sNxgvnswaahOA3mdkjcuYYpLi7i.jpg</thumbnail>
	<fanart>https://image.tmdb.org/t/p/w1280/ie6u0zegHcVJEtHSpYn0KgEogrD.jpg</fanart>
</item>
<item>
	<title>The Tangerine Bear: Home in Time for Christmas!</title>
	<meta>
	<imdb>tt0268677</imdb>
	<content>movie</content>
	<title>The Tangerine Bear: Home in Time for Christmas!</title>
	<year>2000</year>
	</meta>
	<link>
	<sublink>search</sublink>
	<sublink>searchsd</sublink>
	</link>
	<thumbnail>https://image.tmdb.org/t/p/w1280/p04RogARAdPQAknoTPgVI1Qpm0b.jpg</thumbnail>
	<fanart>https://image.tmdb.org/t/p/w1280</fanart>
</item>
<item>
	<title>The Year Without a Santa Claus</title>
	<meta>
	<imdb>tt0072424</imdb>
	<content>movie</content>
	<title>The Year Without a Santa Claus</title>
	<year>1974</year>
	</meta>
	<link>
	<sublink>search</sublink>
	<sublink>searchsd</sublink>
	</link>
	<thumbnail>https://image.tmdb.org/t/p/w1280/fNpBQ8mAIG4wUs4DQWwVNTxA2rc.jpg</thumbnail>
	<fanart>https://image.tmdb.org/t/p/w1280/hAjECdL1PilD9K7BMQIOXggupO8.jpg</fanart>
</item>
<item>
	<title>Toot & Puddle: I'll Be Home for Christmas</title>
	<meta>
	<imdb>tt1147654</imdb>
	<content>movie</content>
	<title>Toot & Puddle: I'll Be Home for Christmas</title>
	<year>2006</year>
	</meta>
	<link>
	<sublink>search</sublink>
	<sublink>searchsd</sublink>
	</link>
	<thumbnail>https://image.tmdb.org/t/p/w1280/9HHqxIKZvvSLFZ318Y1tE87WRSS.jpg</thumbnail>
	<fanart>https://image.tmdb.org/t/p/w1280</fanart>
</item>
<item>
	<title>Two Front Teeth</title>
	<meta>
	<imdb>tt0498397</imdb>
	<content>movie</content>
	<title>Two Front Teeth</title>
	<year>2006</year>
	</meta>
	<link>
	<sublink>search</sublink>
	<sublink>searchsd</sublink>
	</link>
	<thumbnail>https://image.tmdb.org/t/p/w1280/kWS85fYaqOMZj7geemfdukl7ODH.jpg</thumbnail>
	<fanart>https://image.tmdb.org/t/p/w1280</fanart>
</item>
<item>
	<title>Winnie the Pooh & Christmas Too</title>
	<meta>
	<imdb>tt0220159</imdb>
	<content>movie</content>
	<title>Winnie the Pooh & Christmas Too</title>
	<year>1991</year>
	</meta>
	<link>
	<sublink>search</sublink>
	<sublink>searchsd</sublink>
	</link>
	<thumbnail>https://image.tmdb.org/t/p/w1280/1hRei0TRy1zEngPKbmbA234SgXa.jpg</thumbnail>
	<fanart>https://image.tmdb.org/t/p/w1280/aWmT2cHctH4E6xTa6KYSQ7MYsMi.jpg</fanart>
</item>
<item>
	<title>Winnie the Pooh: A Very Merry Pooh Year</title>
	<meta>
	<imdb>tt0324572</imdb>
	<content>movie</content>
	<title>Winnie the Pooh: A Very Merry Pooh Year</title>
	<year>2002</year>
	</meta>
	<link>
	<sublink>search</sublink>
	<sublink>searchsd</sublink>
	</link>
	<thumbnail>https://image.tmdb.org/t/p/w1280/3xuM4G7fUecAXCgSxddht0rD9w1.jpg</thumbnail>
	<fanart>https://image.tmdb.org/t/p/w1280/bow7Bvllz9xBLk8iCgGwK96tH9m.jpg</fanart>
</item>
<item>
	<title>Winnie the Pooh: Seasons of Giving</title>
	<meta>
	<imdb>tt0240219</imdb>
	<content>movie</content>
	<title>Winnie the Pooh: Seasons of Giving</title>
	<year>1999</year>
	</meta>
	<link>
	<sublink>search</sublink>
	<sublink>searchsd</sublink>
	</link>
	<thumbnail>https://image.tmdb.org/t/p/w1280/qrFHBdrsrkntrx7js07aVJIJNwO.jpg</thumbnail>
	<fanart>https://image.tmdb.org/t/p/w1280/9hQBAMUPtIeowhmyXQvnXVgwXWb.jpg</fanart>
</item>
<item>
	<title>[COLOR=white]A Christmas Prince: The Royal Wedding[/COLOR]</title>
    <meta>
    <imdb>tt8709036</imdb>
    <content>movie</content>
    <title>A Christmas Prince: The Royal Wedding</title>
    <year>2018</year>
    </meta>
    <link>
    <sublink>search</sublink>
    <sublink>searchsd</sublink>
    </link>
    <thumbnail>https://image.tmdb.org/t/p/w1280/wn0jjhgN9KhVXFpcw6uIcFh1IXg.jpg</thumbnail>
    <fanart>https://image.tmdb.org/t/p/w1280/gB5L4Fh54c330hCVVxDPhEdNFCf.jpg</fanart>
</item>
<item>
	<title>[COLOR=white]The Christmas Chronicles[/COLOR]</title>
    <meta>
    <imdb>tt2990140</imdb>
    <content>movie</content>
    <title>The Christmas Chronicles</title>
    <year>2018</year>
    </meta>
    <link>
    <sublink>search</sublink>
    <sublink>searchsd</sublink>
    </link>
    <thumbnail>https://image.tmdb.org/t/p/w1280/5Il2EMSF2KecrUKZPuen6BZmaCP.jpg</thumbnail>
    <fanart>https://image.tmdb.org/t/p/w1280/vUbWBVHngojXOu1kBgH6xFkZZTA.jpg</fanart>
</item>
</xml>