<xml>
<dir>
<title>Movies</title>
<link>file://movies.xml</link>
<thumbnail></thumbnail>
<summary>Movies</summary>
</dir>

<dir>
<title>Tv Shows</title>
<link>file://tvshows.xml</link>
<thumbnail></thumbnail>
<summary>TV Shows</summary>
</dir>

 <dir>
<name>Kids</name>
<link>file://kids.xml</link>
<thumbnail></thumbnail>
</dir>
  
<dir>
<title>More</title>
<link>file://more.xml</link>
<thumbnail></thumbnail>
</dir>
 
<dir>
<title>My Trakt</title>
<link>file://trakt.xml</link>
<thumbnail></thumbnail>
</dir>
 
<dir>
<title>Search</title>
<tmdb>search</tmdb>
</dir>
 
<plugin>
<name>YouTube</name>
<link>plugin://plugin.video.youtube</link>
<thumbnail>https://archive.org/download/Projectx_icon_201712/icon.png</thumbnail>
</plugin>
 
<dir>
<title>Settings</title>
<link>file://settings.xml</link>
<thumbnail></thumbnail>
<summary>Settings</summary>
</dir>
  
<plugin>
<name>Testings</name>
<link>plugin://plugin.video.projectx/?action=developer</link>
<thumbnail></thumbnail>
</plugin>
</xml>