<xml>
<dir>
<title>Movies (One Click RD)</title>
<movies>all</movies>
</dir>

<dir>
<title>Trending Movies</title>
<trakt>https://api.trakt.tv/movies/trending</trakt>
<summary>Trending Movies</summary>
 </dir>

 <dir>
 <title>Popular Movies</title>
 <trakt>https://api.trakt.tv/movies/popular</trakt>
 <summary>Popular Movies</summary>
 </dir>

<dir>
<title>IMDB Top Rated</title>
<link>file://Movie/IMDB Top Rated.xml</link>
<thumbnail></thumbnail>
</dir>
 
<dir>
<title>TMDB Top Rated</title>
<link>file://Movie/TMDB Top Rated.xml</link>
<thumbnail></thumbnail>
<fanart></fanart>
</dir>
 
<dir>
<title>Classic Movie Picks A - E</title>
<link>file://Movie/Movies A - E.xml</link>
<thumbnail></thumbnail>
</dir>
 
<dir>
<title>Classic Movie Picks  F - L</title>
<link>file://Movie/Movies F - L.xml</link>
<thumbnail></thumbnail>
</dir>
 
<dir>
<title>Classic Movie Picks M - S</title>
<link>file://Movie/Movies M - S.xml</link>
<thumbnail></thumbnail>
</dir>
 
<dir>
<title>Classic Movie Picks  T - Z</title>
<link>file://Movie/Movies T - Z.xml</link>
<thumbnail></thumbnail>
</dir>
 

 <dir>
<title>Kids Movies</title>
<link>file://Kids/Kids.xml</link>
<thumbnail></thumbnail>
</dir>

<dir>
<title>Movies/Year</title>
<link>file://Movie/Year.xml</link>
<thumbnail></thumbnail>
<fanart></fanart>
</dir>
 
<dir>
<title>Horror Movies Collections</title>
<link>file://Movie/Horror Collections.xml</link>
<thumbnail></thumbnail>
<fanart></fanart>
</dir>
 
<dir>
<title>Movie Collections</title>
<link>file://Movie/Movie Collections.xml</link>
<thumbnail></thumbnail>
<fanart></fanart>
</dir>
 
<dir>
<title>Movie Genre</title>
<link>file://Movie/Movie Genre.xml</link>
<thumbnail></thumbnail>
<fanart></fanart>
</dir>
 
<dir>
<title>Actors/Actresses</title>
<tmdb>people/popular</tmdb>
<thumbnail></thumbnail>
</dir>
 
<dir>
<title>Upcoming Movie Trailers</title>
<tmdb>movie/upcoming</tmdb>
<summary></summary>
</dir>

<dir>
<title>Search</title>
<link>file://Main/Search.xml</link>
<thumbnail></thumbnail>
<fanart></fanart>
</dir>
</xml>