<?xml version="1.0" encoding="UTF-8"?>
    <addon id="repository.projectx" name="Project X Repo" version="1.0.1" provider-name="Mr X">
        <requires>
            <import addon="xbmc.addon" version="12.0.0"/>
        </requires>
        <extension point="xbmc.addon.repository" name="Project X Repo">
            <info compressed="false">https://github.com/926712/Repo/raw/master/_repo/addons.xml</info>
            <checksum>https://github.com/926712/Repo/raw/master/_repo/addons.xml.md5</checksum>
            <datadir zip="true">https://github.com/926712/Repo/raw/master/_repo/</datadir>
            <hashes>false</hashes>
            <dir>
                <info compressed="false">https://raw.githubusercontent.com/jsergio123/zips/master/addons.xml</info>
                <checksum>https://raw.githubusercontent.com/jsergio123/zips/master/addons.xml.md5</checksum>
                <datadir zip="true">https://raw.githubusercontent.com/jsergio123/zips/master/</datadir>
            </dir>
            <dir>
                <info compressed="false">https://raw.githubusercontent.com/totalrevolution/python-koding/master/zips/addons.xml</info>
                <checksum>https://raw.githubusercontent.com/totalrevolution/python-koding/master/zips/addons.xml.md5</checksum>
                <datadir zip="true">https://raw.githubusercontent.com/totalrevolution/python-koding/master/zips/</datadir>
            </dir>
			<dir>
                <info compressed="false">https://raw.githubusercontent.com/jenaddon/repository.jenrepo/master/zips/addons.xml</info>
            <checksum>https://raw.githubusercontent.com/jenaddon/repository.jenrepo/master/zips/addons.xml.md5</checksum>
            <datadir zip="true">https://raw.githubusercontent.com/jenaddon/repository.jenrepo/master/zips/</datadir>
            </dir>
            <dir>
           	    <info compressed="false">https://raw.githubusercontent.com/teamuniversal/scrapers/master/_modules4all/zips/addons.xml</info>
                <checksum>https://raw.githubusercontent.com/teamuniversal/scrapers/master/_modules4all/zips/addons.xml.md5</checksum>
                <datadir zip="true">https://raw.githubusercontent.com/teamuniversal/scrapers/master/_modules4all/zips/</datadir>
            </dir>			
        </extension>
        <extension point="xbmc.addon.metadata">
            <summary></summary>
            <description>Project X</description>
            <platform>all</platform>
            <genre>movies,Tv</genre>
        </extension>
    </addon>