<xml>
<dir>
<title>Kids Movie Collections</title>
<link>file://Kids/Kids Collection.xml</link>
<thumbnail></thumbnail>
<fanart></fanart>
</dir>

<dir>
<title>Kids Movies A - Z</title>
<link>file://Kids/Kids A-Z.xml</link>
<thumbnail></thumbnail>
<fanart></fanart>
</dir>

<dir>
<title>Disney Movies</title>
<imdburl>list/ls000013316</imdburl>
</dir>

<dir>
  <title>Pixar Animation</title>
  <tmdb>company/movies/3</tmdb>
</dir>

<dir>
  <title>Walt Disney Animation Studios</title>
  <tmdb>company/movies/6125</tmdb>
</dir>

<dir>
  <title>DreamWorks Animation</title>
  <tmdb>company/movies/521</tmdb>
</dir>

<dir>
  <title>Universal Cartoon Studios</title>
  <tmdb>company/movies/4285</tmdb>
</dir>
 
<dir>
  <title>Universal Animation Studios</title>
  <tmdb>company/movies/5556</tmdb>
</dir>

<dir>
  <title>Warner Bros. Animation</title>
  <tmdb>company/movies/2785</tmdb>
</dir>
 
<dir>
<title>Retro Toons</title>
<link>https://pastebin.com/raw/5Uh8evmw</link>
<thumbnail></thumbnail>
<fanart></fanart>
</dir>

<dir>
<title>KidsTube</title>
<link>https://pastebin.com/raw/MKSt3LME</link>
<thumbnail></thumbnail>
</dir>

<dir>
<title>Search</title>
<tmdb>search</tmdb>
</dir>
</xml>