<xml>
<plugin>
<name>Sports Devil Required</name>
<link>plugin://plugin.video.SportsDevil</link>
<thumbnail>https://archive.org/download/Projectx_icon_201712/icon.png</thumbnail>
</plugin>
 
<plugin>
<title>Random 24/7</title>
<link>plugin://plugin.video.SportsDevil/?mode=1&amp;item=catcher%3dstreams%26url=https://www.arconaitv.us/stream.php?id=random</link>
<thumbnail>https://archive.org/download/Projectx_icon_201712/icon.png</thumbnail>
</plugin>
 
<plugin>
<title>Adult Swim</title> 
<link>plugin://plugin.video.SportsDevil/?mode=1&amp;amp;item=catcher%3dstreams%26url=https://arconaitv.us/stream.php?id=4</link> 
<thumbnail>https://archive.org/download/Projectx_icon_201712/icon.png</thumbnail>
</plugin>

<plugin>
<title>Adventure Time</title> 
<link>plugin://plugin.video.SportsDevil/?mode=1&amp;amp;item=catcher%3dstreams%26url=https://arconaitv.us/stream.php?id=11</link> 
<thumbnail>https://archive.org/download/Projectx_icon_201712/icon.png</thumbnail>
</plugin>

<plugin>
<title>Always Sunny In Philadelphia </title> 
<link>plugin://plugin.video.SportsDevil/?mode=1&amp;amp;item=catcher%3dstreams%26url=https://www.arconaitv.co/stream.php?id=5</link> 
<thumbnail>https://archive.org/download/Projectx_icon_201712/icon.png</thumbnail>
</plugin>

<plugin>
<title>American Dad</title> 
<link>plugin://plugin.video.SportsDevil/?mode=1&amp;amp;item=catcher%3dstreams%26url=https://www.arconaitv.co/stream.php?id=7</link> 
<thumbnail>https://archive.org/download/Projectx_icon_201712/icon.png</thumbnail>
</plugin>

<plugin>
<title>American Dad</title>
<link>plugin://plugin.video.SportsDevil/?mode=1&amp;item=catcher%3dstreams%26url=https://www.arconaitv.us/stream.php?id=7</link>
<thumbnail>https://archive.org/download/Projectx_icon_201712/icon.png</thumbnail>
</plugin>

<plugin>
<title>American Horror Story</title> 
<link>plugin://plugin.video.SportsDevil/?mode=1&amp;amp;item=catcher%3dstreams%26url=https://www.arconaitv.co/stream.php?id=8</link> 
<thumbnail>https://archive.org/download/Projectx_icon_201712/icon.png</thumbnail>
</plugin>

<plugin>
<title>Anime</title> 
<link>plugin://plugin.video.SportsDevil/?mode=1&amp;amp;item=catcher%3dstreams%26url=https://www.arconaitv.co/stream.php?id=12</link> 
<thumbnail>https://archive.org/download/Projectx_icon_201712/icon.png</thumbnail>
</plugin>

<plugin>
<title>Archer</title>
<link>plugin://plugin.video.SportsDevil/?mode=1&amp;item=catcher%3dstreams%26url=https://www.arconaitv.us/stream.php?id=13</link>
<thumbnail>https://archive.org/download/Projectx_icon_201712/icon.png</thumbnail>  
</plugin>

<plugin>
<title>Archer</title> 
<link>plugin://plugin.video.SportsDevil/?mode=1&amp;amp;item=catcher%3dstreams%26url=https://www.arconaitv.co/stream.php?id=13</link> 
<thumbnail>https://archive.org/download/Projectx_icon_201712/icon.png</thumbnail>
</plugin>

<plugin>
<title>Arrested Development</title> 
<link>plugin://plugin.video.SportsDevil/?mode=1&amp;amp;item=catcher%3dstreams%26url=https://www.arconaitv.co/stream.php?id=14</link> 
<thumbnail>https://archive.org/download/Projectx_icon_201712/icon.png</thumbnail>
</plugin>

<plugin>
<title>Batman 1966</title> 
<link>plugin://plugin.video.SportsDevil/?mode=1&amp;amp;item=catcher%3dstreams%26url=https://www.arconaitv.co/stream.php?id=109</link> 
<thumbnail>https://archive.org/download/Projectx_icon_201712/icon.png</thumbnail>
</plugin>

<plugin>
<title>Batman The Animated Series</title> 
<link>plugin://plugin.video.SportsDevil/?mode=1&amp;amp;item=catcher%3dstreams%26url=https://www.arconaitv.co/stream.php?id=116</link> 
<thumbnail>https://archive.org/download/Projectx_icon_201712/icon.png</thumbnail>
</plugin>

<plugin>
<title>Battlestar Galactica</title> 
<link>plugin://plugin.video.SportsDevil/?mode=1&amp;amp;item=catcher%3dstreams%26url=https://www.arconaitv.co/stream.php?id=16</link> 
<thumbnail>https://archive.org/download/Projectx_icon_201712/icon.png</thumbnail>
</plugin>

<plugin>
<title>Beavis And Butthead</title> 
<link>plugin://plugin.video.SportsDevil/?mode=1&amp;amp;item=catcher%3dstreams%26url=https://www.arconaitv.co/stream.php?id=110</link> 
<thumbnail>https://archive.org/download/Projectx_icon_201712/icon.png</thumbnail>
</plugin>

<plugin>
<title>Beavus and Butt-Head</title>
<link>plugin://plugin.video.SportsDevil/?mode=1&amp;item=catcher%3dstreams%26url=https://www.arconaitv.us/stream.php?id=110</link>
<thumbnail>https://archive.org/download/Projectx_icon_201712/icon.png</thumbnail>
</plugin>

<plugin>
<title>Better Call Saul</title> 
<link>plugin://plugin.video.SportsDevil/?mode=1&amp;amp;item=catcher%3dstreams%26url=https://www.arconaitv.co/stream.php?id=17</link> 
<thumbnail>https://archive.org/download/Projectx_icon_201712/icon.png</thumbnail>
</plugin>

<plugin>
<title>Blacklist</title> 
<link>plugin://plugin.video.SportsDevil/?mode=1&amp;amp;item=catcher%3dstreams%26url=https://www.arconaitv.co/stream.php?id=18</link> 
<thumbnail>https://archive.org/download/Projectx_icon_201712/icon.png</thumbnail>
</plugin>

<plugin>
<title>Blue Bloods</title> 
<link>plugin://plugin.video.SportsDevil/?mode=1&amp;amp;item=catcher%3dstreams%26url=https://www.arconaitv.co/stream.php?id=19</link> 
<thumbnail>https://archive.org/download/Projectx_icon_201712/icon.png</thumbnail>
</plugin>

<plugin>
<title>Blue Bloods</title>
<link>plugin://plugin.video.SportsDevil/?mode=1&amp;item=catcher%3dstreams%26url=https://www.arconaitv.us/stream.php?id=19</link>
<thumbnail>https://archive.org/download/Projectx_icon_201712/icon.png</thumbnail>
</plugin>

<plugin>
<title>Bobs Burgers</title> 
<link>plugin://plugin.video.SportsDevil/?mode=1&amp;amp;item=catcher%3dstreams%26url=https://www.arconaitv.co/stream.php?id=20</link> 
<thumbnail>https://archive.org/download/Projectx_icon_201712/icon.png</thumbnail>
</plugin>

<plugin>
<title>Bones</title> 
<link>plugin://plugin.video.SportsDevil/?mode=1&amp;amp;item=catcher%3dstreams%26url=https://www.arconaitv.co/stream.php?id=21</link> 
<thumbnail>https://archive.org/download/Projectx_icon_201712/icon.png</thumbnail>
</plugin>

<plugin>
<title>Breaking Bad</title> 
<link>plugin://plugin.video.SportsDevil/?mode=1&amp;amp;item=catcher%3dstreams%26url=https://www.arconaitv.co/stream.php?id=24</link> 
<thumbnail>https://archive.org/download/Projectx_icon_201712/icon.png</thumbnail>
</plugin>

<plugin>
<title>Breaking Bad</title>
<link>plugin://plugin.video.SportsDevil/?mode=1&amp;item=catcher%3dstreams%26url=https://www.arconaitv.us/stream.php?id=24</link>
<thumbnail>https://archive.org/download/Projectx_icon_201712/icon.png</thumbnail>
</plugin>

<plugin>
<title>Celebrity Deathmatch</title> 
<link>plugin://plugin.video.SportsDevil/?mode=1&amp;amp;item=catcher%3dstreams%26url=https://www.arconaitv.co/stream.php?id=26</link> 
<thumbnail>https://archive.org/download/Projectx_icon_201712/icon.png</thumbnail>
</plugin>

<plugin>
<title>Charmed</title> 
<link>plugin://plugin.video.SportsDevil/?mode=1&amp;amp;item=catcher%3dstreams%26url=https://www.arconaitv.co/stream.php?id=145</link> 
<thumbnail>https://archive.org/download/Projectx_icon_201712/icon.png</thumbnail>
</plugin>

<plugin>
<title>Classic Cartoons</title> 
<link>plugin://plugin.video.SportsDevil/?mode=1&amp;amp;item=catcher%3dstreams%26url=https://www.arconaitv.co/stream.php?id=28</link> 
<thumbnail>https://archive.org/download/Projectx_icon_201712/icon.png</thumbnail>
</plugin>

<plugin>
<title>Classic Toons</title>
<link>plugin://plugin.video.SportsDevil/?mode=1&amp;item=catcher%3dstreams%26url=https://www.arconaitv.us/stream.php?id=28</link>
<thumbnail>https://archive.org/download/Projectx_icon_201712/icon.png</thumbnail>
</plugin>

<plugin>
<title>Cops</title> 
<link>plugin://plugin.video.SportsDevil/?mode=1&amp;amp;item=catcher%3dstreams%26url=https://www.arconaitv.co/stream.php?id=33</link> 
<thumbnail>https://archive.org/download/Projectx_icon_201712/icon.png</thumbnail>
</plugin>

<plugin>
<title>CSI Miami</title> 
<link>plugin://plugin.video.SportsDevil/?mode=1&amp;amp;item=catcher%3dstreams%26url=https://www.arconaitv.co/stream.php?id=147</link> 
<thumbnail>https://archive.org/download/Projectx_icon_201712/icon.png</thumbnail>
</plugin>

<plugin>
<title>Curb Your Enthusiasm</title> 
<link>plugin://plugin.video.SportsDevil/?mode=1&amp;amp;item=catcher%3dstreams%26url=https://www.arconaitv.co/stream.php?id=34</link> 
<thumbnail>https://archive.org/download/Projectx_icon_201712/icon.png</thumbnail>
</plugin>

<plugin>
<title>Curb Your Enthusiasm</title>
<link>plugin://plugin.video.SportsDevil/?mode=1&amp;item=catcher%3dstreams%26url=https://www.arconaitv.us/stream.php?id=34</link>
<thumbnail>https://archive.org/download/Projectx_icon_201712/icon.png</thumbnail>
</plugin>

<plugin>
<title>Dexter</title> 
<link>plugin://plugin.video.SportsDevil/?mode=1&amp;amp;item=catcher%3dstreams%26url=https://www.arconaitv.co/stream.php?id=146</link> 
<thumbnail>https://archive.org/download/Projectx_icon_201712/icon.png</thumbnail>
</plugin>

<plugin>
<title>Dexter</title>
<link>plugin://plugin.video.SportsDevil/?mode=1&amp;item=catcher%3dstreams%26url=https://www.arconaitv.us/stream.php?id=146</link>
<thumbnail>https://archive.org/download/Projectx_icon_201712/icon.png</thumbnail>
</plugin>

<plugin>
<title>Doctor Who</title> 
<link>plugin://plugin.video.SportsDevil/?mode=1&amp;amp;item=catcher%3dstreams%26url=https://www.arconaitv.co/stream.php?id=36</link> 
<thumbnail>https://archive.org/download/Projectx_icon_201712/icon.png</thumbnail>
</plugin>

<plugin>
<title>Downton Abbey</title> 
<link>plugin://plugin.video.SportsDevil/?mode=1&amp;amp;item=catcher%3dstreams%26url=https://www.arconaitv.co/stream.php?id=38</link> 
<thumbnail>https://archive.org/download/Projectx_icon_201712/icon.png</thumbnail>
</plugin>

<plugin>
<title>Dragonball Z</title> 
<link>plugin://plugin.video.SportsDevil/?mode=1&amp;amp;item=catcher%3dstreams%26url=https://www.arconaitv.co/stream.php?id=39</link> 
<thumbnail>https://archive.org/download/Projectx_icon_201712/icon.png</thumbnail>
</plugin>

<plugin>
<title>Family Guy</title> 
<link>plugin://plugin.video.SportsDevil/?mode=1&amp;amp;item=catcher%3dstreams%26url=https://www.arconaitv.co/stream.php?id=41</link> 
<thumbnail>https://archive.org/download/Projectx_icon_201712/icon.png</thumbnail>
</plugin>

<plugin>
<title>Family Guy</title>
<link>plugin://plugin.video.SportsDevil/?mode=1&amp;item=catcher%3dstreams%26url=https://www.arconaitv.us/stream.php?id=41</link>
<thumbnail>https://archive.org/download/Projectx_icon_201712/icon.png</thumbnail>
</plugin>

<plugin>
<title>Fawlty Towers</title> 
<link>plugin://plugin.video.SportsDevil/?mode=1&amp;amp;item=catcher%3dstreams%26url=https://www.arconaitv.co/stream.php?id=42</link> 
<thumbnail>https://archive.org/download/Projectx_icon_201712/icon.png</thumbnail>
</plugin>

<plugin>
<title>Fawlty Towers</title>
<link>plugin://plugin.video.SportsDevil/?mode=1&amp;item=catcher%3dstreams%26url=https://www.arconaitv.us/stream.php?id=42</link>
<thumbnail>https://archive.org/download/Projectx_icon_201712/icon.png</thumbnail>
</plugin>

<plugin>
<title>Frasier</title> 
<link>plugin://plugin.video.SportsDevil/?mode=1&amp;amp;item=catcher%3dstreams%26url=https://www.arconaitv.co/stream.php?id=45</link> 
<thumbnail>https://archive.org/download/Projectx_icon_201712/icon.png</thumbnail>
</plugin>

<plugin>
<title>Friends</title> 
<link>plugin://plugin.video.SportsDevil/?mode=1&amp;amp;item=catcher%3dstreams%26url=https://www.arconaitv.co/stream.php?id=47</link> 
<thumbnail>https://archive.org/download/Projectx_icon_201712/icon.png</thumbnail>
</plugin>

<plugin>
<title>Friends</title>
<link>plugin://plugin.video.SportsDevil/?mode=1&amp;item=catcher%3dstreams%26url=https://www.arconaitv.us/stream.php?id=47</link>
<thumbnail>https://archive.org/download/Projectx_icon_201712/icon.png</thumbnail>
</plugin>

<plugin>
<title>Futurama</title> 
<link>plugin://plugin.video.SportsDevil/?mode=1&amp;amp;item=catcher%3dstreams%26url=https://www.arconaitv.co/stream.php?id=48</link> 
<thumbnail>https://archive.org/download/Projectx_icon_201712/icon.png</thumbnail>
</plugin>

<plugin>
<title>Game Of Thrones</title> 
<link>plugin://plugin.video.SportsDevil/?mode=1&amp;amp;item=catcher%3dstreams%26url=https://www.arconaitv.co/stream.php?id=50</link> 
<thumbnail>https://archive.org/download/Projectx_icon_201712/icon.png</thumbnail>
</plugin>

<plugin>
<title>Golden Girls</title> 
<link>plugin://plugin.video.SportsDevil/?mode=1&amp;amp;item=catcher%3dstreams%26url=https://www.arconaitv.co/stream.php?id=114</link> 
<thumbnail>https://archive.org/download/Projectx_icon_201712/icon.png</thumbnail>
</plugin>

<plugin>
<title>Home Improvement</title> 
<link>plugin://plugin.video.SportsDevil/?mode=1&amp;amp;item=catcher%3dstreams%26url=https://www.arconaitv.co/stream.php?id=53</link> 
<thumbnail>https://archive.org/download/Projectx_icon_201712/icon.png</thumbnail>
</plugin>

<plugin>
<title>Home Improvement</title>
<link>plugin://plugin.video.SportsDevil/?mode=1&amp;item=catcher%3dstreams%26url=https://www.arconaitv.us/stream.php?id=53</link>
<thumbnail>https://archive.org/download/Projectx_icon_201712/icon.png</thumbnail>
</plugin>

<plugin>
<title>House MD</title> 
<link>plugin://plugin.video.SportsDevil/?mode=1&amp;amp;item=catcher%3dstreams%26url=https://www.arconaitv.co/stream.php?id=139</link> 
<thumbnail>https://archive.org/download/Projectx_icon_201712/icon.png</thumbnail>
</plugin>

<plugin>
<title>How I Met Your Mother</title> 
<link>plugin://plugin.video.SportsDevil/?mode=1&amp;amp;item=catcher%3dstreams%26url=https://www.arconaitv.co/stream.php?id=113</link> 
<thumbnail>https://archive.org/download/Projectx_icon_201712/icon.png</thumbnail>
</plugin>

<plugin>
<title>I Love Lucy</title> 
<link>plugin://plugin.video.SportsDevil/?mode=1&amp;amp;item=catcher%3dstreams%26url=https://www.arconaitv.co/stream.php?id=55</link> 
<thumbnail>https://archive.org/download/Projectx_icon_201712/icon.png</thumbnail>
</plugin>

<plugin>
<title>Invader Zim</title> 
<link>plugin://plugin.video.SportsDevil/?mode=1&amp;amp;item=catcher%3dstreams%26url=https://www.arconaitv.co/stream.php?id=56</link> 
<thumbnail>https://archive.org/download/Projectx_icon_201712/icon.png</thumbnail>
</plugin>

<plugin>
<title>King Of Queens</title> 
<link>plugin://plugin.video.SportsDevil/?mode=1&amp;amp;item=catcher%3dstreams%26url=https://www.arconaitv.co/stream.php?id=132</link> 
<thumbnail>https://archive.org/download/Projectx_icon_201712/icon.png</thumbnail>
</plugin>

<plugin>
<title>King Of The Hill</title> 
<link>plugin://plugin.video.SportsDevil/?mode=1&amp;amp;item=catcher%3dstreams%26url=https://www.arconaitv.co/stream.php?id=57</link> 
<thumbnail>https://archive.org/download/Projectx_icon_201712/icon.png</thumbnail>
</plugin>

<plugin>
<title>King Of The Hill</title>
<link>plugin://plugin.video.SportsDevil/?mode=1&amp;item=catcher%3dstreams%26url=https://www.arconaitv.us/stream.php?id=57</link>
<thumbnail>https://archive.org/download/Projectx_icon_201712/icon.png</thumbnail>
</plugin>

<plugin>
<title>Law And Order SVU</title>
<link>plugin://plugin.video.SportsDevil/?mode=1&amp;item=catcher%3dstreams%26url=https://www.arconaitv.us/stream.php?id=134</link>
<thumbnail>https://archive.org/download/Projectx_icon_201712/icon.png</thumbnail>
</plugin>
 
<plugin>
<title>Malcolm In The Middle</title> 
<link>plugin://plugin.video.SportsDevil/?mode=1&amp;amp;item=catcher%3dstreams%26url=https://www.arconaitv.co/stream.php?id=60</link> 
<thumbnail>https://archive.org/download/Projectx_icon_201712/icon.png</thumbnail>
</plugin>

<plugin>
<title>Married With Children</title> 
<link>plugin://plugin.video.SportsDevil/?mode=1&amp;amp;item=catcher%3dstreams%26url=https://www.arconaitv.co/stream.php?id=61</link> 
<thumbnail>https://archive.org/download/Projectx_icon_201712/icon.png</thumbnail>
</plugin>

<plugin>
<title>Mission Impossible</title> 
<link>plugin://plugin.video.SportsDevil/?mode=1&amp;amp;item=catcher%3dstreams%26url=https://www.arconaitv.co/stream.php?id=144</link> 
<thumbnail>https://archive.org/download/Projectx_icon_201712/icon.png</thumbnail>
</plugin>

<plugin>
<title>Mission Impossible</title>
<link>plugin://plugin.video.SportsDevil/?mode=1&amp;item=catcher%3dstreams%26url=https://www.arconaitv.us/stream.php?id=144</link>
<thumbnail>https://archive.org/download/Projectx_icon_201712/icon.png</thumbnail>
</plugin>

<plugin>
<title>Modern Family</title> 
<link>plugin://plugin.video.SportsDevil/?mode=1&amp;amp;item=catcher%3dstreams%26url=https://www.arconaitv.co/stream.php?id=62</link> 
<thumbnail>https://archive.org/download/Projectx_icon_201712/icon.png</thumbnail>
</plugin>

<plugin>
<title>My Name Is Earl</title> 
<link>plugin://plugin.video.SportsDevil/?mode=1&amp;amp;item=catcher%3dstreams%26url=https://www.arconaitv.co/stream.php?id=118</link> 
<thumbnail>https://archive.org/download/Projectx_icon_201712/icon.png</thumbnail>
</plugin>

<plugin>
<title>Narcos</title> 
<link>plugin://plugin.video.SportsDevil/?mode=1&amp;amp;item=catcher%3dstreams%26url=https://www.arconaitv.co/stream.php?id=66</link> 
<thumbnail>https://archive.org/download/Projectx_icon_201712/icon.png</thumbnail>
</plugin>

<plugin>
<title>NCIS</title> 
<link>plugin://plugin.video.SportsDevil/?mode=1&amp;amp;item=catcher%3dstreams%26url=https://www.arconaitv.co/stream.php?id=133</link> 
<thumbnail>https://archive.org/download/Projectx_icon_201712/icon.png</thumbnail>
</plugin>

<plugin>
<title>Only Fools And Horses</title> 
<link>plugin://plugin.video.SportsDevil/?mode=1&amp;amp;item=catcher%3dstreams%26url=https://www.arconaitv.co/stream.php?id=143</link> 
<thumbnail>https://archive.org/download/Projectx_icon_201712/icon.png</thumbnail>
</plugin>

<plugin>
<title>Only Fools And Horses</title>
<link>plugin://plugin.video.SportsDevil/?mode=1&amp;item=catcher%3dstreams%26url=https://www.arconaitv.us/stream.php?id=143</link>
<thumbnail>https://archive.org/download/Projectx_icon_201712/icon.png</thumbnail>
</plugin>

<plugin>
<title>Outer Limits</title> 
<link>plugin://plugin.video.SportsDevil/?mode=1&amp;amp;item=catcher%3dstreams%26url=https://www.arconaitv.co/stream.php?id=70</link> 
<thumbnail>https://archive.org/download/Projectx_icon_201712/icon.png</thumbnail>
</plugin>

<plugin>
<title>Parks And Recreation</title> 
<link>plugin://plugin.video.SportsDevil/?mode=1&amp;amp;item=catcher%3dstreams%26url=https://www.arconaitv.co/stream.php?id=126</link> 
<thumbnail>https://archive.org/download/Projectx_icon_201712/icon.png</thumbnail>
</plugin>

<plugin>
<title>Prison Break</title> 
<link>plugin://plugin.video.SportsDevil/?mode=1&amp;amp;item=catcher%3dstreams%26url=https://www.arconaitv.co/stream.php?id=72</link> 
<thumbnail>https://archive.org/download/Projectx_icon_201712/icon.png</thumbnail>
</plugin>

<plugin>
<title>Regular Show</title> 
<link>plugin://plugin.video.SportsDevil/?mode=1&amp;amp;item=catcher%3dstreams%26url=https://www.arconaitv.co/stream.php?id=74</link> 
<thumbnail>https://archive.org/download/Projectx_icon_201712/icon.png</thumbnail>
</plugin>

<plugin>
<title>Reno 911</title> 
<link>plugin://plugin.video.SportsDevil/?mode=1&amp;amp;item=catcher%3dstreams%26url=https://www.arconaitv.co/stream.php?id=112</link> 
<thumbnail>https://archive.org/download/Projectx_icon_201712/icon.png</thumbnail>
</plugin>

<plugin>
<title>Rick And Morty</title> 
<link>plugin://plugin.video.SportsDevil/?mode=1&amp;amp;item=catcher%3dstreams%26url=https://www.arconaitv.co/stream.php?id=76</link> 
<thumbnail>https://archive.org/download/Projectx_icon_201712/icon.png</thumbnail>
</plugin>

<plugin>
<title>Salem</title> 
<link>plugin://plugin.video.SportsDevil/?mode=1&amp;amp;item=catcher%3dstreams%26url=https://www.arconaitv.co/stream.php?id=137</link> 
<thumbnail>https://archive.org/download/Projectx_icon_201712/icon.png</thumbnail>
</plugin>

<plugin>
<title>Samurai Jack</title> 
<link>plugin://plugin.video.SportsDevil/?mode=1&amp;amp;item=catcher%3dstreams%26url=https://www.arconaitv.co/stream.php?id=78</link> 
<thumbnail>https://archive.org/download/Projectx_icon_201712/icon.png</thumbnail>
</plugin>

<plugin>
<title>Scrubs</title> 
<link>plugin://plugin.video.SportsDevil/?mode=1&amp;amp;item=catcher%3dstreams%26url=https://www.arconaitv.co/stream.php?id=79</link> 
<thumbnail>https://archive.org/download/Projectx_icon_201712/icon.png</thumbnail>
</plugin>

<plugin>
<title>Seinfeld</title> 
<link>plugin://plugin.video.SportsDevil/?mode=1&amp;amp;item=catcher%3dstreams%26url=https://www.arconaitv.co/stream.php?id=80</link> 
<thumbnail>https://archive.org/download/Projectx_icon_201712/icon.png</thumbnail>
</plugin>

<plugin>
<title>Shark Tank</title> 
<link>plugin://plugin.video.SportsDevil/?mode=1&amp;amp;item=catcher%3dstreams%26url=https://www.arconaitv.co/stream.php?id=81</link> 
<thumbnail>https://archive.org/download/Projectx_icon_201712/icon.png</thumbnail>
</plugin>

<plugin>
<title>Silicon Valley</title> 
<link>plugin://plugin.video.SportsDevil/?mode=1&amp;amp;item=catcher%3dstreams%26url=https://www.arconaitv.co/stream.php?id=82</link> 
<thumbnail>https://archive.org/download/Projectx_icon_201712/icon.png</thumbnail>
</plugin>

<plugin>
<title>Simpsons</title> 
<link>plugin://plugin.video.SportsDevil/?mode=1&amp;amp;item=catcher%3dstreams%26url=https://www.arconaitv.co/stream.php?id=83</link> 
<thumbnail>https://archive.org/download/Projectx_icon_201712/icon.png</thumbnail>
</plugin>

<plugin>
<title>Simpsons</title>
<link>plugin://plugin.video.SportsDevil/?mode=1&amp;item=catcher%3dstreams%26url=https://www.arconaitv.us/stream.php?id=83</link>
<thumbnail>https://archive.org/download/Projectx_icon_201712/icon.png</thumbnail>  
</plugin>

<plugin>
<title>Simpsons</title> 
<link>plugin://plugin.video.SportsDevil/?mode=1&amp;amp;item=catcher%3dstreams%26url=https://www.arconaitv.co/stream.php?id=111</link> 
<thumbnail>https://archive.org/download/Projectx_icon_201712/icon.png</thumbnail>
</plugin>

<plugin>
<title>South Park</title> 
<link>plugin://plugin.video.SportsDevil/?mode=1&amp;amp;item=catcher%3dstreams%26url=https://www.arconaitv.co/stream.php?id=84</link> 
<thumbnail>https://archive.org/download/Projectx_icon_201712/icon.png</thumbnail>
</plugin>

<plugin>
<title>SpongeBob Squarepants</title> 
<link>plugin://plugin.video.SportsDevil/?mode=1&amp;amp;item=catcher%3dstreams%26url=https://www.arconaitv.co/stream.php?id=86</link> 
<thumbnail>https://archive.org/download/Projectx_icon_201712/icon.png</thumbnail>
</plugin>

<plugin>
<title>Supernatural</title> 
<link>plugin://plugin.video.SportsDevil/?mode=1&amp;amp;item=catcher%3dstreams%26url=https://www.arconaitv.co/stream.php?id=115</link> 
<thumbnail>https://archive.org/download/Projectx_icon_201712/icon.png</thumbnail>
</plugin>

<plugin>
<title>That 70's Show</title> 
<link>plugin://plugin.video.SportsDevil/?mode=1&amp;amp;item=catcher%3dstreams%26url=https://www.arconaitv.co/stream.php?id=90</link> 
<thumbnail>https://archive.org/download/Projectx_icon_201712/icon.png</thumbnail>
</plugin>

<plugin>
<title>The Big Bang Theory</title> 
<link>plugin://plugin.video.SportsDevil/?mode=1&amp;amp;item=catcher%3dstreams%26url=https://www.arconaitv.co/stream.php?id=91</link> 
<thumbnail>https://archive.org/download/Projectx_icon_201712/icon.png</thumbnail>
</plugin>

<plugin>
<title>The Boondocks</title> 
<link>plugin://plugin.video.SportsDevil/?mode=1&amp;amp;item=catcher%3dstreams%26url=https://www.arconaitv.co/stream.php?id=22</link> 
<thumbnail>https://archive.org/download/Projectx_icon_201712/icon.png</thumbnail>
</plugin>

<plugin>
<title>The Fresh Prince Of Belle Air</title> 
<link>plugin://plugin.video.SportsDevil/?mode=1&amp;amp;item=catcher%3dstreams%26url=https://www.arconaitv.co/stream.php?id=46</link> 
<thumbnail>https://archive.org/download/Projectx_icon_201712/icon.png</thumbnail>
</plugin>

<plugin>
<title>The Last Airbender</title> 
<link>plugin://plugin.video.SportsDevil/?mode=1&amp;amp;item=catcher%3dstreams%26url=https://www.arconaitv.co/stream.php?id=15</link> 
<thumbnail>https://archive.org/download/Projectx_icon_201712/icon.png</thumbnail>
</plugin>

<plugin>
<title>The Marvelous Misadventures Of Flapjack</title> 
<link>plugin://plugin.video.SportsDevil/?mode=1&amp;amp;item=catcher%3dstreams%26url=https://www.arconaitv.co/stream.php?id=93</link> 
<thumbnail>https://archive.org/download/Projectx_icon_201712/icon.png</thumbnail>
</plugin>

<plugin>
<title>The Musketeers</title> 
<link>plugin://plugin.video.SportsDevil/?mode=1&amp;amp;item=catcher%3dstreams%26url=https://www.arconaitv.co/stream.php?id=64</link> 
<thumbnail>https://archive.org/download/Projectx_icon_201712/icon.png</thumbnail>
</plugin>

<plugin>
<title>The Office</title> 
<link>plugin://plugin.video.SportsDevil/?mode=1&amp;amp;item=catcher%3dstreams%26url=https://www.arconaitv.co/stream.php?id=94</link> 
<thumbnail>https://archive.org/download/Projectx_icon_201712/icon.png</thumbnail>
</plugin>

<plugin>
<title>The Ren And Stimpy Show</title> 
<link>plugin://plugin.video.SportsDevil/?mode=1&amp;amp;item=catcher%3dstreams%26url=https://www.arconaitv.co/stream.php?id=75</link> 
<thumbnail>https://archive.org/download/Projectx_icon_201712/icon.png</thumbnail>
</plugin>

<plugin>
<title>The Sopranos</title> 
<link>plugin://plugin.video.SportsDevil/?mode=1&amp;amp;item=catcher%3dstreams%26url=https://www.arconaitv.co/stream.php?id=95</link> 
<thumbnail>https://archive.org/download/Projectx_icon_201712/icon.png</thumbnail>
</plugin>

<plugin>
<title>The Tudors</title> 
<link>plugin://plugin.video.SportsDevil/?mode=1&amp;amp;item=catcher%3dstreams%26url=https://www.arconaitv.co/stream.php?id=96</link> 
<thumbnail>https://archive.org/download/Projectx_icon_201712/icon.png</thumbnail>
</plugin>

<plugin>
<title>The Twilight Zone</title> 
<link>plugin://plugin.video.SportsDevil/?mode=1&amp;amp;item=catcher%3dstreams%26url=https://www.arconaitv.co/stream.php?id=97</link> 
<thumbnail>https://archive.org/download/Projectx_icon_201712/icon.png</thumbnail>
</plugin>

<plugin>
<title>The White Queen</title> 
<link>plugin://plugin.video.SportsDevil/?mode=1&amp;amp;item=catcher%3dstreams%26url=https://www.arconaitv.co/stream.php?id=102</link> 
<thumbnail>https://archive.org/download/Projectx_icon_201712/icon.png</thumbnail>
</plugin>

<plugin>
<title>The X Files</title> 
<link>plugin://plugin.video.SportsDevil/?mode=1&amp;amp;item=catcher%3dstreams%26url=https://www.arconaitv.co/stream.php?id=105</link> 
<thumbnail>https://archive.org/download/Projectx_icon_201712/icon.png</thumbnail>
</plugin>

<plugin>
<title>The X Files</title>
<link>plugin://plugin.video.SportsDevil/?mode=1&amp;item=catcher%3dstreams%26url=https://www.arconaitv.us/stream.php?id=105</link>
<thumbnail>https://archive.org/download/Projectx_icon_201712/icon.png</thumbnail>
</plugin>

<plugin>
<title>Top Gear UK</title> 
<link>plugin://plugin.video.SportsDevil/?mode=1&amp;amp;item=catcher%3dstreams%26url=https://www.arconaitv.co/stream.php?id=98</link> 
<thumbnail>https://archive.org/download/Projectx_icon_201712/icon.png</thumbnail>
</plugin>

<plugin>
<title>Top Gear UK</title>
<link>plugin://plugin.video.SportsDevil/?mode=1&amp;item=catcher%3dstreams%26url=https://www.arconaitv.us/stream.php?id=98</link>
<thumbnail>https://archive.org/download/Projectx_icon_201712/icon.png</thumbnail>
</plugin>

<plugin>
<title>Trailer Park Boys</title> 
<link>plugin://plugin.video.SportsDevil/?mode=1&amp;amp;item=catcher%3dstreams%26url=https://www.arconaitv.co/stream.php?id=99</link> 
<thumbnail>https://archive.org/download/Projectx_icon_201712/icon.png</thumbnail>
</plugin>

<plugin>
<title>Unsolved Mysteries</title> 
<link>plugin://plugin.video.SportsDevil/?mode=1&amp;amp;item=catcher%3dstreams%26url=https://www.arconaitv.co/stream.php?id=135</link> 
<thumbnail>https://archive.org/download/Projectx_icon_201712/icon.png</thumbnail>
</plugin>

<plugin>
<title>Vampire Diaries</title> 
<link>plugin://plugin.video.SportsDevil/?mode=1&amp;amp;item=catcher%3dstreams%26url=https://www.arconaitv.co/stream.php?id=101</link> 
<thumbnail>https://archive.org/download/Projectx_icon_201712/icon.png</thumbnail>
</plugin>

<plugin>
<title>Whos Line Is It Anyway</title> 
<link>plugin://plugin.video.SportsDevil/?mode=1&amp;amp;item=catcher%3dstreams%26url=https://www.arconaitv.co/stream.php?id=103</link> 
<thumbnail>https://archive.org/download/Projectx_icon_201712/icon.png</thumbnail>
</plugin>

<plugin>
<title>Workaholics</title> 
<link>plugin://plugin.video.SportsDevil/?mode=1&amp;amp;item=catcher%3dstreams%26url=https://www.arconaitv.co/stream.php?id=104</link> 
<thumbnail>https://archive.org/download/Projectx_icon_201712/icon.png</thumbnail>
</plugin>
</xml>