<xml>
<dir>
<title>On-Air this Week</title>
<tmdb>tv/on_the_air</tmdb>
</dir>

<dir>
<title>Popular Tv Shows</title>
<tmdb>tv/popular</tmdb>
</dir>

<dir>
<title>Tv Shows (RD)</title>
<tv_shows>All</tv_shows>
</dir>

<dir>
<title>Trending Tv Shows</title>
<trakt>https://api.trakt.tv/shows/trending</trakt>
</dir>

<dir>
<title>Top Rated Tv Shows</title>
<tmdb>tv/top_rated</tmdb>
</dir>

<dir>
<title>Best of British</title>
<tmdb>list/39760</tmdb>
</dir>

<dir>
<name>Retro Tv</name>
<link>https://pastebin.com/raw/9d1juHye</link>
<thumbnail></thumbnail>
<fanart></fanart>
</dir>

<dir>
<name>Retro Toons</name>
<link>https://pastebin.com/raw/5Uh8evmw</link>
<thumbnail></thumbnail>
<fanart></fanart>
</dir>

<dir>
<name>Tv Show Genre</name>
<link>file://Tv/Tv Genre.xml</link>
<thumbnail></thumbnail>
<fanart></fanart>
</dir>

<dir>
<name>Search</name>
<link>file://Main/Search.xml</link>
<thumbnail></thumbnail>
<fanart></fanart>
</dir>
</xml>