{
 "name"         : "Direct - Project Cypher",
 "repository"   : "repository.cypherslocker",
 "plugin"       : "plugin.video.ProjectCypher",
 "priority"     : 200,
 "id"           : "ProjectCypher",
 "filters"      : {},
 "postprocess"  : "",
 "movies"       : [
  [
   {
    "link"      : "plugin://plugin.video.ProjectCypher/?action=play&url=%3Csublink%3E%3Cpreset%3Esearch%3C%2Fpreset%3E%3Ccontent%3Emovie%3C%2Fcontent%3E%3Cimdb%3E{imdb}%3C%2Fimdb%3E%3Ctitle%3E{title}%3C%2Ftitle%3E%3Cyear%3E{year}%3C%2Fyear%3E%3C%2Fsublink%3E%3Csublink%3E%3Cpreset%3Esearchsd%3C%2Fpreset%3E%3Ccontent%3Emovie%3C%2Fcontent%3E%3Cimdb%3E{imdb}%3C%2Fimdb%3E%3Ctitle%3E{title}%3C%2Ftitle%3E%3Cyear%3E{year}%3C%2Fyear%3E%3C%2Fsublink%3E&content=movies",
    "steps"     : [],
    "action"    : "RUN"
   }
  ]
 ],
 "tvshows"      : [
  [
   {
    "link"      : "plugin://plugin.video.ProjectCypher/?action=play&url=%3Csublink%3E%3Cpreset%3Esearch%3C%2Fpreset%3E%3Ccontent%3Eepisode%3C%2Fcontent%3E%3Cimdb%3E{imdb}%3C%2Fimdb%3E%3Ctvdb%3E{id}%3C%2Ftvdb%3E%3Ctvshowtitle%3E{clearname}%3C%2Ftvshowtitle%3E%3Cyear%3E{year}%3C%2Fyear%3E%3Ctitle%3ED{title}%3C%2Ftitle%3E%3Cpremiered%3E{firstaired}%3C%2Fpremiered%3E%3Cseason%3E{season}%3C%2Fseason%3E%3Cepisode%3E{episode}%3C%2Fepisode%3E%3C%2Fsublink%3E%3Csublink%3E%3Cpreset%3Esearchsd%3C%2Fpreset%3E%3Ccontent%3Eepisode%3C%2Fcontent%3E%3Cimdb%3E{imdb}%3C%2Fimdb%3E%3Ctvdb%3E{tvdb}%3C%2Ftvdb%3E%3Ctvshowtitle%3E{clearname}%3C%2Ftvshowtitle%3E%3Cyear%3E{year}%3C%2Fyear%3E%3Ctitle%3E{title}%3C%2Ftitle%3E%3Cpremiered%3E{firstaired}%3C%2Fpremiered%3E%3Cseason%3E{season}%3C%2Fseason%3E%3Cepisode%3E{episode}%3C%2Fepisode%3E%3C%2Fsublink%3E&content=episodes",
    "steps"     : [],
    "action"    : "RUN"
   }
  ]
 ],
 "musicvideos"  : [],
 "music"        : [],
 "live"         : []
}