{
 "name"         : "Direct [COLOR FF0084FF]-[/COLOR] Gaia PreSelect ([COLOR FF0084FF]Q[/COLOR])",
 "repository"   : "repository.gaia",
 "plugin"       : "plugin.video.gaia",
 "priority"     : 200,
 "id"           : "direct.gaia_preselect.q",
 "filters"      : {},
 "postprocess"  : "",
 "movies"       : [
  [
   {
    "link"      : "plugin://plugin.video.gaia/?action=play&title={title_+}&year={year}&imdb={id}&tmdb={tmdb}&type=movie&preset=1&select=2",
    "steps"     : [],
    "action"    : "PLAY"
   }
  ]
 ],
 "tvshows"      : [
  [
   {
    "link"      : "plugin://plugin.video.gaia/?action=play&title={title_+}&year={year}&imdb={imdb}&tvdb={id}&season={season}&episode={episode}&tvshowtitle={clearname_+}&premiered={firstaired}&preset=1&select=2",
    "steps"     : [],
    "action"    : "PLAY"
   }
  ]
 ],
 "musicvideos"  : [],
 "music"        : [],
 "live"         : []
}