<xml>
<dir>
	<title>Tv Shows (One Click RD)</title>
	<tv_shows>All</tv_shows>
</dir>

<dir>
    <title>Trending TV Shows</title>
    <trakt>https://api.trakt.tv/shows/trending</trakt>
    <thumbnail></thumbnail>
    <summary>Trending TV Shows</summary>
</dir>

<dir>
	<title>Tv Show Been Watched</title>
	<trakt>https://api.trakt.tv/shows/watched/weekly</trakt>
</dir>

<dir>
    <title>Popular TV Shows</title>
    <trakt>https://api.trakt.tv/shows/popular</trakt>
    <thumbnail></thumbnail>
    <summary>Popular TV Shows</summary>
</dir>

<dir>
	<title>Tv Show Recommended</title>
	<trakt>https://api.trakt.tv/shows/recommended/weekly</trakt>
</dir>

 <dir>
    <title>Collected TV Shows</title>
    <trakt>https://api.trakt.tv/shows/collected/weekly</trakt>
    <thumbnail></thumbnail>
    <summary>Collected TV Shows</summary>
 </dir>

<dir>
	<title>Top Rated Tv Shows</title>
	<tmdb>tv/top_rated</tmdb>
</dir>

<dir>
	<title>Search</title>
	<link>file://Main/Search.xml</link>
</dir>
</xml>