<xml>
<dir>
<name>Movies</name>
<link>file://Movie/Movies.xml</link>
<thumbnail></thumbnail>
</dir>
 
<dir>
<name>Tv Shows</name>
<link>file://Tv/Tv Shows.xml</link>
<thumbnail></thumbnail>
</dir>
 
<dir>
<name>Sport</name>
<link>https://pastebin.com/raw/KhfgNv71</link>
<thumbnail></thumbnail>
</dir>
 
<dir>
<name>Kids</name>
<link>https://pastebin.com/raw/WnRjX0p0</link>
<thumbnail></thumbnail>
</dir>
 
<dir>
<title>24/7 Tv Shows</title>
<arconaitv>shows</arconaitv>
<thumbnail></thumbnail>
</dir>
 
<dir>
<title>Hit da Club</title>
<link>https://pastebin.com/raw/2PEtkTXd</link>
<thumbnail></thumbnail>
</dir>
 
<dir>
<title>More</title>
<link>https://pastebin.com/raw/X3eiaSqn</link>
<thumbnail></thumbnail>
</dir>
 
<dir>
<title>My Trakt</title>
<link>https://pastebin.com/raw/Kix15Jjs</link>
<thumbnail></thumbnail>
</dir>
 
<dir>
<name>Search</name>
<link>file://Main/Search.xml</link>
<thumbnail></thumbnail>
<fanart></fanart>
</dir>
   
<dir>
<title>18+</title>
<link>file://Adult/Adult.xml</link>
<thumbnail>https://archive.org/download/Sports_201712/xxx.png</thumbnail>
</dir>
 
<plugin>
<name>YouTube</name>
<link>plugin://plugin.video.youtube</link>
<thumbnail></thumbnail>
</plugin>
 
<dir>
<name>Settings</name>
<link>file://Main/Settings.xml</link>
<thumbnail></thumbnail>
</dir>
 
<dir>
 <title>News/Info</title>
 <link>message(https://pastebin.com/raw/BUNwunwd)</link>
 <thumbnail></thumbnail>
</dir>
 
<plugin>
<name>Testings</name>
<link>plugin://plugin.video.projectx/?action=developer</link>
<thumbnail></thumbnail>
</plugin>
</xml>
