﻿<?xml version="1.0" encoding="UTF-8" standalone="yes"?>
<addon id="script.extendedinfo" name="Extended Info Mod" version="5.6.4" provider-name="Original work by phil65">
  <requires>
    <import addon="xbmc.python"                     version="2.19.0"/>
    <import addon="plugin.program.super.favourites" version="1.0.48"/>
    <import addon="plugin.video.metalliq"           version="2.0.0"/>
    <import addon="plugin.video.youtube"            version="5.3.10"/>
    <import addon="script.module.pil"               version="1.1.7"/>
    <import addon="script.module.requests"          version="1.1.0"/>
    <import addon="script.module.simplejson"        version="2.0.10"/>
    <import addon="script.module.youtube.dl"        version="14.519.1"/>
  </requires>
  <extension point="xbmc.python.script"             library="default.py">
    <provides>executable</provides>
  </extension>
  <extension point="xbmc.python.library"            library="default.py" />
  <extension point="xbmc.python.pluginsource"       library="plugin.py">
    <provides>video</provides>
  </extension>
  <extension point="xbmc.addon.metadata">
    <language/>
    <summary lang="en">Extended Info Mod</summary>
    <description lang="en">This script offers various possibilities to display online content inside skins as well as a complete MovieDB browser including info dialogs for various media types. Used services are themoviedb.org, theaudiodb.org, Trakt.TV, omdbapi.com and a lot more. Needs skin implementation for lot of functions. Uses MetalliQ for playback and library functions.</description>
    <summary lang="nl">Extended Info Mod</summary>
    <description lang="nl">Dit script biedt meerdere mogelijkheden om online content weer te geven in skins en bevat ook een complete MovieDB browser inclusief info dialogen voor verscheidene media types. Gebruikte diensten zijn themoviedb.org, theaudiodb.org, Trakt.TV, omdbapi.com en nog veel meer. Vereist skin implementatie voor de meeste functies. Gebruikt MetalliQ voor afspeel en bibliotheek functies.</description>
    <platform>all</platform>
    <genre>movies,tv,trailers</genre>
    <video_guide></video_guide>
    <video_preview></video_preview>
    <license>GNU GENERAL PUBLIC LICENSE Version 2, June 1991</license>
    <forum></forum>
    <source></source>
    <email></email>
  </extension>
</addon>
