{
    "items": [
        {
            "type": "dir",
            "title": "Action",
            "link": "tmdb/genre/movie/28",
            "thumbnail": "https://pbs.twimg.com/profile_images/1243623122089041920/gVZIvphd_400x400.jpg"
        },
        {
            "type": "dir",
            "title": "Adventure",
            "link": "tmdb/genre/movie/12",
            "thumbnail": "https://pbs.twimg.com/profile_images/1243623122089041920/gVZIvphd_400x400.jpg"
        },
        {
            "type": "dir",
            "title": "Animation",
            "link": "tmdb/genre/movie/16",
            "thumbnail": "https://pbs.twimg.com/profile_images/1243623122089041920/gVZIvphd_400x400.jpg"
        },
        {
            "type": "dir",
            "title": "Comedy",
            "link": "tmdb/genre/movie/35",
            "thumbnail": "https://pbs.twimg.com/profile_images/1243623122089041920/gVZIvphd_400x400.jpg"
        },
        {
            "type": "dir",
            "title": "Crime",
            "link": "tmdb/genre/movie/80",
            "thumbnail": "https://pbs.twimg.com/profile_images/1243623122089041920/gVZIvphd_400x400.jpg"
        },
        {
            "type": "dir",
            "title": "Documentary",
            "link": "tmdb/genre/movie/99",
            "thumbnail": "https://pbs.twimg.com/profile_images/1243623122089041920/gVZIvphd_400x400.jpg"
        },
        {
            "type": "dir",
            "title": "Drama",
            "link": "tmdb/genre/movie/18",
            "thumbnail": "https://pbs.twimg.com/profile_images/1243623122089041920/gVZIvphd_400x400.jpg"
        },
        {
            "type": "dir",
            "title": "Family",
            "link": "tmdb/genre/movie/10751",
            "thumbnail": "https://pbs.twimg.com/profile_images/1243623122089041920/gVZIvphd_400x400.jpg"
        },
        {
            "type": "dir",
            "title": "Fantasy",
            "link": "tmdb/genre/movie/14",
            "thumbnail": "https://pbs.twimg.com/profile_images/1243623122089041920/gVZIvphd_400x400.jpg"
        },
        {
            "type": "dir",
            "title": "History",
            "link": "tmdb/genre/movie/36",
            "thumbnail": "https://pbs.twimg.com/profile_images/1243623122089041920/gVZIvphd_400x400.jpg"
        },
        {
            "type": "dir",
            "title": "Horror",
            "link": "tmdb/genre/movie/27",
            "thumbnail": "https://pbs.twimg.com/profile_images/1243623122089041920/gVZIvphd_400x400.jpg"
        },
        {
            "type": "dir",
            "title": "Music",
            "link": "tmdb/genre/movie/10402",
            "thumbnail": "https://pbs.twimg.com/profile_images/1243623122089041920/gVZIvphd_400x400.jpg"
        },
        {
            "type": "dir",
            "title": "Mystery",
            "link": "tmdb/genre/movie/9648",
            "thumbnail": "https://pbs.twimg.com/profile_images/1243623122089041920/gVZIvphd_400x400.jpg"
        },
        {
            "type": "dir",
            "title": "Romance",
            "link": "tmdb/genre/movie/10749",
            "thumbnail": "https://pbs.twimg.com/profile_images/1243623122089041920/gVZIvphd_400x400.jpg"
        },
        {
            "type": "dir",
            "title": "Science Fiction",
            "link": "tmdb/genre/movie/878",
            "thumbnail": "https://pbs.twimg.com/profile_images/1243623122089041920/gVZIvphd_400x400.jpg"
        },
        {
            "type": "dir",
            "title": "TV Movie",
            "link": "tmdb/genre/movie/10770",
            "thumbnail": "https://pbs.twimg.com/profile_images/1243623122089041920/gVZIvphd_400x400.jpg"
        },
        {
            "type": "dir",
            "title": "Thriller",
            "link": "tmdb/genre/movie/53",
            "thumbnail": "https://pbs.twimg.com/profile_images/1243623122089041920/gVZIvphd_400x400.jpg"
        },
        {
            "type": "dir",
            "title": "War",
            "link": "tmdb/genre/movie/10752",
            "thumbnail": "https://pbs.twimg.com/profile_images/1243623122089041920/gVZIvphd_400x400.jpg"
        },
        {
            "type": "dir",
            "title": "Western",
            "link": "tmdb/genre/movie/37",
            "thumbnail": "https://pbs.twimg.com/profile_images/1243623122089041920/gVZIvphd_400x400.jpg"
        }
    ]
}