{
    "items": [
	    {
                
            "type": "dir",
            "thumbnail": "https://archive.org/download/Projectx_icon_201712/icon.png",
            "title":  "One Click Tv Shows",
            "Home": "season|TvShows|appVFTPvRFwgEPdbF|tvshows"
        },
        {
            "type": "dir",
            "title": "Latest Tv Shows",
            "link": "tmdb/year/tv/2022"
        },
        {
            "type": "dir",
            "title": "On the Air Tv Shows",
            "link": "tmdb/tv/on_the_air"
        },
        {
            "type": "dir",
            "title": "Popular Tv Shows",
            "link": "tmdb/tv/popular"
        },
        {
            "type": "dir",
            "title": "Top Rated Tv Shows",
            "link": "tmdb/tv/top_rated"
        },
        {
            "type": "dir",
            "title": "Tv Show Genre",
            "link": "file://tv_genres.json"
        },		
       {
            "type": "dir",
            "title": "Search Tv Shows",
            "link": "tmdb/search/tv"
        }
    ]
}