<xml>
<dir>
    <title>1989 Movies</title>
    <imdburl>years/1989</imdburl>
  </dir>

  <dir>
    <title>1988 Movies</title>
    <imdburl>years/1988</imdburl>
  </dir>

  <dir>
    <title>1987 Movies</title>
    <imdburl>years/1987</imdburl>
  </dir>

  <dir>
    <title>1986 Movies</title>
    <imdburl>years/1986</imdburl>
  </dir>

  <dir>
    <title>1985 Movies</title>
    <imdburl>years/1985</imdburl>
  </dir>

  <dir>
    <title>1984 Movies</title>
    <imdburl>years/1984</imdburl>
  </dir>

  <dir>
    <title>1983 Movies</title>
    <imdburl>years/1983</imdburl>
  </dir>

  <dir>
    <title>1982 Movies</title>
    <imdburl>years/1982</imdburl>
  </dir>

  <dir>
    <title>1981 Movies</title>
    <imdburl>years/1981</imdburl>
  </dir>

  <dir>
    <title>1980 Movies</title>
    <imdburl>years/1980</imdburl>
  </dir>
  </xml>