  <xml>
  <dir>
    <title>1999 Movies</title>
    <imdburl>years/1999</imdburl>
  </dir>

  <dir>
    <title>1998 Movies</title>
    <imdburl>years/1998</imdburl>
  </dir>

  <dir>
    <title>1997 Movies</title>
    <imdburl>years/1997</imdburl>
  </dir>

  <dir>
    <title>1996 Movies</title>
    <imdburl>years/1996</imdburl>
  </dir>

  <dir>
    <title>1995 Movies</title>
    <imdburl>years/1995</imdburl>
  </dir>

  <dir>
    <title>1994 Movies</title>
    <imdburl>years/1994</imdburl>
  </dir>

  <dir>
    <title>1993 Movies</title>
    <imdburl>years/1993</imdburl>
  </dir>

  <dir>
    <title>1992 Movies</title>
    <imdburl>years/1992</imdburl>
  </dir>

  <dir>
    <title>1991 Movies</title>
    <imdburl>years/1991</imdburl>
  </dir>

  <dir>
    <title>1990 Movies</title>
    <imdburl>years/1990</imdburl>
  </dir>
  </xml>