<xml><item>
    <title>Angels & Demons</title>
    <meta>
        <content>movie</content>
        <imdb>tt0808151</imdb>
        <title>Angels & Demons</title>
        <year>2009</year>
    </meta>
    <link>
    <sublink>search</sublink>
    </link>
    <thumbnail>https://images-na.ssl-images-amazon.com/images/M/MV5BMjEzNzM2MjgxMF5BMl5BanBnXkFtZTcwNTQ1MTM0Mg@@._V1_SY1000_CR0,0,673,1000_AL_.jpg</thumbnail>
</item>
 
<item>
  <title>American Sniper</title>
  <meta>
   <content>movie</content>
   <imdb>tt2179136</imdb>
   <title>American Sniper</title>
   <year>2014</year>
  </meta>
  <link>
  <sublink>search</sublink>
  </link>
  <thumbnail>https://images-na.ssl-images-amazon.com/images/M/MV5BMTkxNzI3ODI4Nl5BMl5BanBnXkFtZTgwMjkwMjY4MjE@._V1_SY1000_CR0,0,674,1000_AL_.jpg</thumbnail>
 </item>
 
<item>
    <title>Along Came a Spider</title>
    <meta>
        <content>movie</content>
        <imdb>tt0164334</imdb>
        <title>Along Came a Spider</title>
        <year>2001</year>
    </meta>
    <link>
    <sublink>search</sublink>
    </link>
    <thumbnail>https://images-na.ssl-images-amazon.com/images/M/MV5BOTVlY2VhMWEtYmRlOC00YWVhLWEzMDktZWJlYzNiMWJmZTIwXkEyXkFqcGdeQXVyNjU0OTQ0OTY@._V1_SY1000_CR0,0,673,1000_AL_.jpg</thumbnail>
</item>
 
<item>
    <title>Austin Powers: International Man of Mystery</title>
    <meta>
        <content>movie</content>
        <imdb>tt0118655</imdb>
        <title>Austin Powers: International Man of Mystery</title>
        <year>1997</year>
    </meta>
    <link>
    <sublink>search</sublink>
    </link>
    <thumbnail>https://images-na.ssl-images-amazon.com/images/M/MV5BMTRhZTY0MDItY2I1Yi00MGE3LTk1ZDEtMjA0ZGZhNDQyNGU0XkEyXkFqcGdeQXVyNTIzOTk5ODM@._V1_SY1000_CR0,0,658,1000_AL_.jpg</thumbnail>
</item>
 
<item>
    <title>Austin Powers: The Spy Who Shagged Me</title>
    <meta>
        <content>movie</content>
        <imdb>tt0145660</imdb>
        <title>Austin Powers: The Spy Who Shagged Me</title>
        <year>1999</year>
    </meta>
    <link>
    <sublink>search</sublink>
    </link>
    <thumbnail>https://images-na.ssl-images-amazon.com/images/M/MV5BMmFkZGQxN2YtODNlYS00MzM5LTk3NjQtNTUxYmQ1YzkwMDhmXkEyXkFqcGdeQXVyMTQxNzMzNDI@._V1_SY1000_CR0,0,654,1000_AL_.jpg</thumbnail>
</item>
 
<item>
    <title>Austin Powers in Goldmember</title>
    <meta>
        <content>movie</content>
        <imdb>tt0295178</imdb>
        <title>Austin Powers in Goldmember</title>
        <year>2002</year>
    </meta>
    <link>
    <sublink>search</sublink>
    </link>
    <thumbnail>https://www.themoviedb.org/t/p/w1280/xtDejB4o3gWjRucPmnklZbLFCRY.jpg</thumbnail>
</item>
 
<item>
    <title>Avatar</title>
    <meta>
        <content>movie</content>
        <imdb>tt0499549</imdb>
        <title>Avatar</title>
        <year>2009</year>
    </meta>
    <link>
    <sublink>search</sublink>
    </link>
    <thumbnail>https://images-na.ssl-images-amazon.com/images/M/MV5BMTYwOTEwNjAzMl5BMl5BanBnXkFtZTcwODc5MTUwMw@@._V1_.jpg</thumbnail>
</item>
 
<item>
    <title>Batman Begins</title>
    <meta>
        <content>movie</content>
        <imdb>tt0372784</imdb>
        <title>Batman Begins</title>
        <year>2005</year>
    </meta>
    <link>
    <sublink>search</sublink>
    </link>
    <thumbnail>https://image.tmdb.org/t/p/w1280/8RW2runSEc34IwKN2D1aPcJd2UL.jpg</thumbnail>
</item>
 
<item>
  <title>Bigger Stronger Faster</title>
  <meta>
   <content>movie</content>
   <imdb>tt1151309</imdb>
   <title>Bigger Stronger Faster</title>
   <year>2008</year>
  </meta>
  <link>
  <sublink>search</sublink>
  </link>
  <thumbnail>https://images-na.ssl-images-amazon.com/images/M/MV5BODEyNzczNTM1MV5BMl5BanBnXkFtZTcwNTI5NTE3MQ@@._V1_.jpg</thumbnail>
 </item>
 
<item>
  <title>Black Hawk Down</title>
  <meta>
   <content>movie</content>
   <imdb>tt0265086</imdb>
   <title>Black Hawk Down</title>
   <year>2001</year>
  </meta>
  <link>
  <sublink>search</sublink>
  </link>
  <thumbnail>https://image.tmdb.org/t/p/w1280/7fU5dSqKRL4XHeEUz62rCKBfYok.jpg</thumbnail>
 </item>
 
<item>
    <title>Blade</title>
    <meta>
        <content>movie</content>
        <imdb>tt0120611</imdb>
        <title>Blade</title>
        <year>1988</year>
    </meta>
    <link>
    <sublink>search</sublink>
    </link>
    <thumbnail>https://image.tmdb.org/t/p/w1280/PDuKQeQkRHkdx7rY147VBVN5Ef.jpg</thumbnail>
</item>
 
<item>
    <title>Blade II</title>
    <meta>
        <content>movie</content>
        <imdb>tt0187738</imdb>
        <title>Blade II</title>
        <year>2002</year>
    </meta>
    <link>
    <sublink>search</sublink>
    </link>
    <thumbnail>https://images-na.ssl-images-amazon.com/images/M/MV5BOWVjZTIzNDYtNTBlNC00NTJjLTkzOTEtOTE0MjlhYzI2YTcyXkEyXkFqcGdeQXVyNTAyODkwOQ@@._V1_SY1000_CR0,0,675,1000_AL_.jpg</thumbnail>
</item>
 
<item>
    <title>Blade: Trinity</title>
    <meta>
        <content>movie</content>
        <imdb>tt0359013</imdb>
        <title>Blade: Trinity</title>
        <year>2004</year>
    </meta>
    <link>
    <sublink>search</sublink>
    </link>
    <thumbnail>https://images-na.ssl-images-amazon.com/images/M/MV5BMjE0Nzg2MzI3MF5BMl5BanBnXkFtZTYwMjExODQ3._V1_.jpg</thumbnail>
</item>
 
<item>
  <title>Bloodsport</title>
  <meta>
   <content>movie</content>
   <imdb>tt0092675</imdb>
   <title>Bloodsport</title>
   <year>1988</year>
  </meta>
  <link>
  <sublink>search</sublink>
  </link>
  <thumbnail>https://images-na.ssl-images-amazon.com/images/M/MV5BNTJmMGEzMTQtMzQzMi00YjE1LWI4MTctNjY0NWZiYzE2MDVhXkEyXkFqcGdeQXVyMTQxNzMzNDI@._V1_SY1000_CR0,0,640,1000_AL_.jpg</thumbnail>
 </item>

<item>
  <title>Broken Arrow</title>
  <meta>
   <content>movie</content>
   <imdb>tt0115759</imdb>
   <title>Broken Arrow</title>
   <year>'1996</year>
  </meta>
  <link>
  <sublink>search</sublink>
  </link>
  <thumbnail>https://images-na.ssl-images-amazon.com/images/M/MV5BYzU2NDg3ZTItNzRmNy00NTQzLTljMDUtNjczOTMwZjEzNWVkXkEyXkFqcGdeQXVyMTQxNzMzNDI@._V1_.jpg</thumbnail>
 </item>
 
<item>
    <title>Casualties of War</title>
    <meta>
        <content>movie</content>
        <imdb>tt0097027</imdb>
        <title>Casualties of War</title>
        <year>1989</year>
    </meta>
    <link>
    <sublink>search</sublink>
    </link>
    <thumbnail>https://images-na.ssl-images-amazon.com/images/M/MV5BNTJjNTUxMjYtYjNlNC00NDViLWIwZjktMGNkOTQ5MDNjNTFiXkEyXkFqcGdeQXVyNTI4MjkwNjA@._V1_SY1000_CR0,0,669,1000_AL_.jpg</thumbnail>
</item>
 
 <item>
    <title>Children of Men</title>
    <meta>
        <content>movie</content>
        <imdb>tt0206634</imdb>
        <title>Children of Men</title>
        <year>2006</year>
    </meta>
    <link>
    <sublink>search</sublink>
    <sublink>searchsd</sublink>
    </link>
    <thumbnail>https://images-na.ssl-images-amazon.com/images/M/MV5BNjgzYTg2ZGQtMzliOS00OWE3LWE0MzItYmZkNjgwYzdlODBiXkEyXkFqcGdeQXVyNjU0OTQ0OTY@._V1_SY1000_CR0,0,666,1000_AL_.jpg</thumbnail>
</item>
 
<item>
  <title>Clash of the Titans</title>
  <meta>
   <content>movie</content>
   <imdb>tt0800320</imdb>
   <title>Clash of the Titans</title>
   <year>2010</year>
  </meta>
  <link>
  <sublink>http://dl.tehmovies.org/94/95/10/Clash.Of.The.Titans.2010.720p.Tehmovies_bid.mkv</sublink>
  <sublink>search</sublink>
  </link>
  <thumbnail>https://images-na.ssl-images-amazon.com/images/M/MV5BMTYxNjg4MzU5OV5BMl5BanBnXkFtZTcwOTA3NTUwMw@@._V1_SY1000_CR0,0,675,1000_AL_.jpg</thumbnail>
 </item>
 
<item>
  <title>Close Encounters of the Third Kind</title>
  <meta>
   <content>movie</content>
   <imdb>tt0075860</imdb>
   <title>Close Encounters of the Third Kind</title>
   <year>1977</year>
  </meta>
  <link>
  <sublink>search</sublink>
  </link>
  <thumbnail>https://images-na.ssl-images-amazon.com/images/M/MV5BMjM1NjE5NjQxN15BMl5BanBnXkFtZTgwMjYzMzQxMDE@._V1_.jpg</thumbnail>
 </item>
 
 <item>
  <title>Cobra</title>
  <meta>
   <content>movie</content>
   <imdb>tt0090859</imdb>
   <title>Cobra</title>
   <year>1986</year>
  </meta>
  <link>
  <sublink>search</sublink>
  </link>
  <thumbnail>https://images-na.ssl-images-amazon.com/images/M/MV5BOWZhOWVmMzctY2RjMi00YzkxLTkwOGQtODA2MDk1MDg1ZWVlXkEyXkFqcGdeQXVyMDEwMjgxNg@@._V1_SY1000_CR0,0,670,1000_AL_.jpg</thumbnail>
 </item>
 
 <item>
  <title>Con Air</title>
  <meta>
   <content>movie</content>
   <imdb>tt0118880</imdb>
   <title>Con Air</title>
   <year>1997</year>
  </meta>
  <link>
  <sublink>search</sublink>
  </link>
  <thumbnail>https://images-na.ssl-images-amazon.com/images/M/MV5BMGZmNGIxMTYtMmVjMy00YzhkLWIyOTktNTExZGFiYjNiNzdlXkEyXkFqcGdeQXVyMTQxNzMzNDI@._V1_SY1000_CR0,0,675,1000_AL_.jpg</thumbnail>
 </item>
 
<item>
  <title>Conan the Barbarian</title>
  <meta>
   <content>movie</content>
   <imdb>tt0082198</imdb>
   <title>Conan the Barbarian</title>
   <year>1982</year>
  </meta>
  <link>
  <sublink>search</sublink>
  </link>
  <thumbnail>https://images-na.ssl-images-amazon.com/images/M/MV5BMWIxMzQxZjAtMGFkNC00NzYwLWFiMGEtNzZhZjE5MmFiMmMyL2ltYWdlL2ltYWdlXkEyXkFqcGdeQXVyMTQxNzMzNDI@._V1_SY1000_CR0,0,666,1000_AL_.jpg</thumbnail>
 </item>
 
<item>
  <title>Conan the Destroyer</title>
  <meta>
   <content>movie</content>
   <imdb>tt0087078</imdb>
   <title>Conan the Destroyer</title>
   <year>1984</year>
  </meta>
  <link>
  <sublink>search</sublink>
  </link>
  <thumbnail>https://images-na.ssl-images-amazon.com/images/M/MV5BNDExOWE2N2YtN2QyMi00ZWI2LWE4MDAtZWJiNjg4MTI3NzI0L2ltYWdlL2ltYWdlXkEyXkFqcGdeQXVyMTQxNzMzNDI@._V1_.jpg</thumbnail>
 </item>
 
 <item>
  <title>Red Sonja</title>
  <meta>
   <content>movie</content>
   <imdb>tt0089893</imdb>
   <title>Red Sonja</title>
   <year>1985</year>
  </meta>
  <link>
  <sublink>search</sublink>
  </link>
  <thumbnail>https://images-na.ssl-images-amazon.com/images/M/MV5BMjIzMDk2NTcxMV5BMl5BanBnXkFtZTcwMzUxMTM4NA@@._V1_SY1000_CR0,0,666,1000_AL_.jpg</thumbnail>
 </item>
 
<item>
  <title>Conan the Barbarian</title>
  <meta>
   <content>movie</content>
   <imdb>tt0816462</imdb>
   <title>Conan the Barbarian</title>
   <year>2011</year>
  </meta>
  <link>
  <sublink>search</sublink>
  </link>
  <thumbnail>https://images-na.ssl-images-amazon.com/images/M/MV5BMTQ1NDUyODk5NF5BMl5BanBnXkFtZTcwODk0MjIwNg@@._V1_SY1000_CR0,0,674,1000_AL_.jpg</thumbnail>
 </item>
 
<item>
    <title>Collateral Damage</title>
    <meta>
        <content>movie</content>
        <imdb>tt0233469</imdb>
        <title>Collateral Damage</title>
        <year>2002</year>
    </meta>
    <link>
    <sublink>search</sublink>
    </link>
    <thumbnail>https://images-na.ssl-images-amazon.com/images/M/MV5BYTIxYTA1YWUtODFiOS00NjY5LWIyOWQtYTFlYzMyNWI4MWM5XkEyXkFqcGdeQXVyMTQxNzMzNDI@._V1_SY1000_CR0,0,677,1000_AL_.jpg</thumbnail>
</item>
 
<item>
  <title>Convoy</title>
  <meta>
   <content>movie</content>
   <imdb>tt0077369</imdb>
   <title>Convoy</title>
   <year>1978</year>
  </meta>
  <link>
  <sublink>search</sublink>
  <sublink>searchsd</sublink>
  </link>
  <thumbnail>https://images-na.ssl-images-amazon.com/images/M/MV5BMTMzNTk5NzkxM15BMl5BanBnXkFtZTcwOTIwNzEzNA@@._V1_SY1000_CR0,0,656,1000_AL_.jpg</thumbnail>
 </item>
 
<item>
  <title>Crank</title>
  <meta>
   <content>movie</content>
   <imdb>tt0479884</imdb>
   <title>Crank</title>
   <year>2006</year>
  </meta>
  <link>
  <sublink>search</sublink>
  </link>
  <thumbnail>https://images-na.ssl-images-amazon.com/images/M/MV5BMjg0NjAxNDY4MV5BMl5BanBnXkFtZTcwODA5MjMzMw@@._V1_SY1000_CR0,0,670,1000_AL_.jpg</thumbnail>
 </item>
 
<item>
  <title>Crank: High Voltage</title>
  <meta>
   <content>movie</content>
   <imdb>tt1121931</imdb>
   <title>Crank: High Voltage</title>
   <year>2009</year>
  </meta>
  <link>
  <sublink>search</sublink>
  </link>
  <thumbnail>https://images-na.ssl-images-amazon.com/images/M/MV5BMTQzNTU1ODkxNl5BMl5BanBnXkFtZTcwMDgyODEzMg@@._V1_SY1000_CR0,0,648,1000_AL_.jpg</thumbnail>
 </item>
 
<item>
  <title>Deadpool</title>
  <meta>
   <content>movie</content>
   <imdb>tt1431045</imdb>
   <title>Deadpool</title>
   <year>2016</year>
  </meta>
  <link>
  <sublink>search</sublink>
  </link>
  <thumbnail>https://images-na.ssl-images-amazon.com/images/M/MV5BMjQyODg5Njc4N15BMl5BanBnXkFtZTgwMzExMjE3NzE@._V1_SY1000_SX686_AL_.jpg</thumbnail>
 </item>

<item>
  <title>Deadpool 2</title>
  <meta>
   <content>movie</content>
   <imdb>tt5463162</imdb>
   <title>Deadpool 2</title>
   <year>2018</year>
  </meta>
  <link>
  <sublink>search</sublink>
  </link>
  <thumbnail>https://m.media-amazon.com/images/M/MV5BNjk1Njk3YjctMmMyYS00Y2I4LThhMzktN2U0MTMyZTFlYWQ5XkEyXkFqcGdeQXVyODM2ODEzMDA@._V1_.jpg</thumbnail>
 </item>
 
<item>
  <title>Demolition Man</title>
  <meta>
   <content>movie</content>
   <imdb>tt0106697</imdb>
   <title>Demolition Man</title>
   <year>1993</year>
  </meta>
  <link>
  <sublink>search</sublink>
  </link>
  <thumbnail>https://images-na.ssl-images-amazon.com/images/M/MV5BMDBmNDhjOTYtZWVlMC00YzUwLWIyZjEtYzFjMWM5OTdiZDJkXkEyXkFqcGdeQXVyNjUwNzk3NDc@._V1_.jpg</thumbnail>
 </item>
 
<item>
    <title>Die Hard</title>
    <meta>
        <content>movie</content>
        <imdb>tt0095016</imdb>
        <title>Die hard</title>
        <year>1988</year>
    </meta>
    <link>
    <sublink>search</sublink>
    </link>
    <thumbnail>https://images-na.ssl-images-amazon.com/images/M/MV5BMzNmY2IwYzAtNDQ1NC00MmI4LThkOTgtZmVhYmExOTVhMWRkXkEyXkFqcGdeQXVyMTk5NDA3Nw@@._V1_.jpg</thumbnail>
</item>
 
<item>
    <title>Die hard 2</title>
    <meta>
        <content>movie</content>
        <imdb>tt0099423</imdb>
        <title>Die Hard 2</title>
        <year>1990</year>
    </meta>
    <link>
    <sublink>search</sublink>
    </link>
    <thumbnail>https://images-na.ssl-images-amazon.com/images/M/MV5BMzMzYzk3ZTEtZDg0My00MTY5LWE3ZmQtYzNhYjhjN2RhZGRjL2ltYWdlXkEyXkFqcGdeQXVyNTAyODkwOQ@@._V1_SY1000_CR0,0,675,1000_AL_.jpg</thumbnail>
</item>
 
<item>
    <title>Die Hard with a Vengeance</title>
    <meta>
        <content>movie</content>
        <imdb>tt0112864</imdb>
        <title>Die Hard with a Vengeance</title>
        <year>1995</year>
    </meta>
    <link>
    <sublink>search</sublink>
    </link>
    <thumbnail>https://images-na.ssl-images-amazon.com/images/M/MV5BZjI0ZWFiMmQtMjRlZi00ZmFhLWI4NmYtMjQ5YmY0MzIyMzRiXkEyXkFqcGdeQXVyMTQxNzMzNDI@._V1_SY1000_SX670_AL_.jpg</thumbnail>
</item>
 
<item>
    <title>Live Free or Die Hard</title>
    <meta>
        <content>movie</content>
        <imdb>tt0337978</imdb>
        <title>Live Free or Die Hard</title>
        <year>2007</year>
    </meta>
    <link>
    <sublink>search</sublink>
    </link>
    <thumbnail>https://images-na.ssl-images-amazon.com/images/M/MV5BNDQxMDE1OTg4NV5BMl5BanBnXkFtZTcwMTMzOTQzMw@@._V1_SY1000_CR0,0,679,1000_AL_.jpg</thumbnail>
</item>
<item>
  <title>A Good Day to Die Hard</title>
  <meta>
   <content>movie</content>
   <imdb>tt1606378</imdb>
   <title>A Good Day to Die Hard</title>
   <year>2013</year>
  </meta>
  <link>
  <sublink>search</sublink>
  </link>
  <thumbnail>https://images-na.ssl-images-amazon.com/images/M/MV5BMTcwNzgyNzUzOV5BMl5BanBnXkFtZTcwMzAwOTA5OA@@._V1_.jpg</thumbnail>
 </item>
 
<item>
    <title>Drive Angry</title>
    <meta>
        <content>movie</content>
        <imdb>tt1502404</imdb>
        <title>Drive Angry</title>
        <year>2011</year>
    </meta>
    <link>
    <sublink>search</sublink>
    </link>
    <thumbnail>https://images-na.ssl-images-amazon.com/images/M/MV5BMjIwNTM4Njg2NF5BMl5BanBnXkFtZTcwNDQwMTAwNA@@._V1_SY1000_SX675_AL_.jpg</thumbnail>
</item>
<item>
  <title>Eden Lake</title>
  <meta>
   <content>movie</content>
   <imdb>tt1020530</imdb>
   <title>Eden Lake</title>
   <year>2008</year>
  </meta>
  <link>
  <sublink>search</sublink>
  </link>
  <thumbnail>https://images-na.ssl-images-amazon.com/images/M/MV5BMTYwMzE0OTQzN15BMl5BanBnXkFtZTcwOTY5MDIwMg@@._V1_SY1000_CR0,0,679,1000_AL_.jpg</thumbnail>
 </item>
 
<item>
  <title>E.T. the Extra-Terrestrial</title>
  <meta>
   <content>movie</content>
   <imdb>tt0083866</imdb>
   <title>E.T. the Extra-Terrestrial</title>
   <year>1982</year>
  </meta>
  <link>
  <sublink>search</sublink>
  </link>
  <thumbnail>https://images-na.ssl-images-amazon.com/images/M/MV5BMTQ2ODFlMDAtNzdhOC00ZDYzLWE3YTMtNDU4ZGFmZmJmYTczXkEyXkFqcGdeQXVyMTQxNzMzNDI@._V1_SY1000_CR0,0,640,1000_AL_.jpg</thumbnail>
 </item>
 
<item>
  <title>End of Days</title>
  <meta>
   <content>movie</content>
   <imdb>tt0146675</imdb>
   <title>End of Days</title>
   <year>1999</year>
  </meta>
  <link>
  <sublink>search</sublink>
  </link>
  <thumbnail>https://images-na.ssl-images-amazon.com/images/M/MV5BYWM3MTMwYTYtNTVmOC00NWU2LWJjNmMtY2YwMDM4NWM4NDhiXkEyXkFqcGdeQXVyNDc2NjEyMw@@._V1_.jpg</thumbnail>
 </item>
 
<item>
  <title>Eraser</title>
  <meta>
   <content>movie</content>
   <imdb>tt0116213</imdb>
   <title>Eraser</title>
   <year>1996</year>
  </meta>
  <link>
  <sublink>search</sublink>
  </link>
  <thumbnail>https://images-na.ssl-images-amazon.com/images/M/MV5BOTczMTNlN2UtMWE2NS00ZTUyLTgzYTQtYTFkNWIzODJkYzIwXkEyXkFqcGdeQXVyNDc2NjEyMw@@._V1_SY1000_CR0,0,675,1000_AL_.jpg</thumbnail>
 </item>
 
<item>
  <title>Every Which Way But Loose</title>
  <meta>
   <content>movie</content>
   <imdb>tt0077523</imdb>
   <title>Every Which Way But Loose</title>
   <year>1978</year>
  </meta>
  <link>
  <sublink>search</sublink>
  <sublink>searchsd</sublink>
  </link>
  <thumbnail>https://images-na.ssl-images-amazon.com/images/M/MV5BNjFiNGZmNTktZTExZS00NzhlLWJjNTAtM2JlY2ZhNmI2N2YxL2ltYWdlL2ltYWdlXkEyXkFqcGdeQXVyNzc5MjA3OA@@._V1_SY1000_CR0,0,670,1000_AL_.jpg</thumbnail>
 </item>
 </xml>