<xml>
<dir>
<title>Top 50 Action Movies</title>
<tmdb>list/47620</tmdb>
<thumbnail></thumbnail>
<fanart></fanart>
</dir>

<dir>
<title>Top 50 Comedy Movies</title>
<tmdb>list/47631</tmdb>
<thumbnail></thumbnail>
<fanart></fanart>
</dir>

<dir>
<title>Top 50 Crime And Thriller Movies</title>
<tmdb>list/47644</tmdb>
<thumbnail></thumbnail>
<fanart></fanart>
</dir>

<dir>
  <title>Top 50 Disaster Movies</title>
  <tmdb>list/47694</tmdb>
  <thumbnail></thumbnail>
  <fanart></fanart>
</dir>

<dir>
<title>Top 50 Horror Movies</title>
<tmdb>list/47618</tmdb>
<thumbnail></thumbnail>
<fanart></fanart>
</dir>
<dir>
<title>Top 50 Kids Movies</title>
<tmdb>list/47634</tmdb>
<thumbnail></thumbnail>
<fanart></fanart>
</dir>

<dir>
  <title>Top 50 Romantic Movies</title>
  <tmdb>list/47707</tmdb>
  <thumbnail></thumbnail>
  <fanart></fanart>
</dir>

<dir>
<title>Top 50 Sci-Fi Movies</title>
<tmdb>list/47619</tmdb>
<thumbnail></thumbnail>
<fanart></fanart>
</dir>

<dir>
  <title>Top Rated Sci-Fi</title>
  <tmdb>list/3945</tmdb>
  <thumbnail></thumbnail>
  <fanart></fanart>
</dir>

<dir>
  <title>The DC Comics Universe</title>
  <tmdb>list/0003</tmdb>
  <thumbnail></thumbnail>
  <fanart></fanart>
</dir>

<dir>
  <title>Marvel Movies Collection</title>
  <tmdb>list/0001</tmdb>
  <thumbnail></thumbnail>
  <fanart></fanart>
</dir>

<dir>
  <title>Controversial Films Of The 90s</title>
  <tmdb>list/3944</tmdb>
  <thumbnail></thumbnail>
  <fanart></fanart>
</dir>
</xml>