<dir>
<title>Hot New Movies</title>
<tmdb>list/39003</tmdb>
</dir>
 
<dir>
<name>Latest Movies</name>
<link>https://pastebin.com/raw/VUBTB8Ns</link>
<thumbnail></thumbnail>
</dir>
  
<dir>
<title>Popular Movies</title>
<tmdb>movies/popular</tmdb>
</dir>
 
<dir>
<title>Best of British</title>
<tmdb>list/41682</tmdb>
</dir>
 
<dir>
<name>IMDB Top Rated</name>
<link>https://pastebin.com/raw/n4xjuuHR</link>
<thumbnail></thumbnail>
<fanart></fanart>
</dir>
 
<dir>
<name>TMDB Top Rated</name>
<link>https://pastebin.com/raw/4XaX9dAv</link>
<thumbnail></thumbnail>
<fanart></fanart>
</dir>
 
<dir>
<name>Classic Movie Picks A - E</name>
<link>https://pastebin.com/raw/LMJ2HXWZ</link>
<thumbnail></thumbnail>
<fanart></fanart>
</dir>
 
<dir>
<name>Classic Movie Picks  F - L</name>
<link>https://pastebin.com/raw/k2wVwGcT</link>
<thumbnail></thumbnail>
<fanart></fanart>
</dir>
 
<dir>
<name>Classic Movie Picks M - S</name>
<link>https://pastebin.com/raw/mEVStHPi</link>
<thumbnail></thumbnail>
<fanart></fanart>
</dir>
 
<dir>
<name>Classic Movie Picks  T - Z</name>
<link>https://pastebin.com/raw/8x1AFJ0Q</link>
<thumbnail></thumbnail>
<fanart></fanart>
</dir>
 
<dir>
<name>Sports Movies</name>
<link>https://pastebin.com/raw/yPrGcLXt</link>
<thumbnail></thumbnail>
<fanart></fanart>
</dir>
 
<dir>
<name>Movies/Year</name>
<link>https://pastebin.com/raw/MJChUAP8</link>
<thumbnail></thumbnail>
<fanart></fanart>
</dir>
 
<dir>
<name>Horror Movies</name>
<link>https://pastebin.com/raw/EKMuGfJx</link>
<thumbnail></thumbnail>
<fanart></fanart>
</dir>
 
<dir>
<name>Movie Collections</name>
<link>https://pastebin.com/raw/S3MfTD0K</link>
<thumbnail></thumbnail>
<fanart></fanart>
</dir>
 
<dir>
<name>Movie Genre</name>
<link>https://pastebin.com/raw/yP8PKLPA</link>
<thumbnail></thumbnail>
<fanart></fanart>
</dir>
 
<dir>
<name>Movies/Production Company</name>
<link>https://pastebin.com/raw/bp3CsH36</link>
<thumbnail></thumbnail>
<fanart></fanart>
</dir>
 
<dir>
<name>More Movies....</name>
<link>https://pastebin.com/raw/ZfSGAkXB</link>
<thumbnail></thumbnail>
<fanart></fanart>
</dir>
 
<dir>
<title>Upcoming Movie Trailers</title>
<tmdb>movie/upcoming</tmdb>
<summary></summary>
</dir>
 
<dir>
<name>Search</name>
<link>https://pastebin.com/raw/zYYjAJUL</link>
<thumbnail></thumbnail>
<fanart></fanart>
</dir>