<xml>
<item>
<title>- 9 -</title>
<meta>
<content>movie</content>
<imdb>tt0472033</imdb>
<title>9</title>
<year>2009</year>
</meta>
<link>
<sublink>search</sublink>
<sublink>searchsd</sublink>
</link>
<thumbnail>https://image.tmdb.org/t/p/w396/iGMOQt6R88ZuJRtlfpqWRa5268h.jpg</thumbnail>
</item>

<item>
<title>101 Dalmatians</title>
<meta>
<content>movie</content>
<imdb>tt0055254</imdb>
<title>101 Dalmatians</title>
<year>1961</year>
</meta>
<link>
<sublink>search</sublink>
<sublink>searchsd</sublink>
</link>
<thumbnail>https://image.tmdb.org/t/p/original/vo5j5OZIdnfMIZSkVfSvh8cJUU.jpg</thumbnail>
</item>

<item>
	<title>102 Dalmatians </title>
	<meta>
		<content>movie</content>
		<imdb>tt0211181</imdb>
		<title>102 Dalmatians</title>
		<year>2000</year>
	</meta>
	<link>
		<sublink>search</sublink>
		<sublink>searchsd</sublink>
	</link>
	<thumbnail>http://image.tmdb.org/t/p/w500/dSxnIika9yWwTvEbpsmoGdeh65E.jpg</thumbnail>
</item>

<item>
<title>A Christmas Carol</title>
<meta>
<content>movie</content>
<imdb>tt1067106</imdb>
<title>A Christmas Carol</title>
<year>2009</year>
</meta>
<link>
<sublink>search</sublink>
<sublink>searchsd</sublink>
</link>
<thumbnail>https://image.tmdb.org/t/p/original/m1cZT78mldTUyVMyedWLx7saRrL.jpg</thumbnail>
</item>

<item>
	<title>A Close Shave </title>
	<meta>
		<content>movie</content>
		<imdb>tt0112691</imdb>
		<title>A Close Shave</title>
		<year>1995</year>
	</meta>
	<link>
		<sublink>search</sublink>
		<sublink>searchsd</sublink>
	</link>
	<thumbnail>http://image.tmdb.org/t/p/w500/efFW4euBJIha6WVJoBPSfyui2Aa.jpg</thumbnail>
</item>

<item>
	<title>A Cowgirl's Story</title>
	<meta>
		<content>movie</content>
		<imdb>tt5704912</imdb>
		<title>A Cowgirl's Story</title>
		<year>2017</year>
	</meta>
	<link>
		<sublink>search</sublink>
		<sublink>searchsd</sublink>
	</link>
	<thumbnail>http://image.tmdb.org/t/p/w500/zSaQUPchu29YssiQH4sP1d015wk.jpg</thumbnail>
</item>

<item>
<title>A Goofy Movie</title>
<meta>
<content>movie</content>
<imdb>tt0113198</imdb>
<title>A Goofy Movie</title>
<year>1995</year>
</meta>
<link>
<sublink>search</sublink>
<sublink>searchsd</sublink>
</link>
<thumbnail>https://image.tmdb.org/t/p/original/iXYXjKohQ1j2FNIXLa84aaaE76K.jpg</thumbnail>
</item>

<item>
	<title>Aladdin</title>
	<meta>
		<content>movie</content>
		<imdb>tt0103639</imdb>
		<title>Aladdin</title>
		<year>1992</year>
	</meta>
	<link>
		<sublink>search</sublink>
		<sublink>searchsd</sublink>
	</link>
	<thumbnail>http://image.tmdb.org/t/p/w500/qsHpmqekgeQKMKL8PWnFsrXTXGs.jpg</thumbnail>
</item>

<item>
	<title>A Bug's Life</title>
	<meta>
		<content>movie</content>
		<imdb>tt0120623</imdb>
		<title>A Bug's Life</title>
		<year>1998</year>
	</meta>
	<link>
		<sublink>search</sublink>
		<sublink>searchsd</sublink>
	</link>
	<thumbnail>http://image.tmdb.org/t/p/w500/u9qGMRwcPwP0WETxulS5hKUsEum.jpg</thumbnail>
</item>

<item>
<title>Alice in Wonderland</title>
<meta>
<content>movie</content>
<imdb>tt0043274</imdb>
<title>Alice in Wonderland</title>
<year>1951</year>
</meta>
<link>
<sublink>search</sublink>
<sublink>searchsd</sublink>
</link>
<thumbnail>https://image.tmdb.org/t/p/w396/nxI5QNs0Sdc5GgQf7zqwSxskf7x.jpg</thumbnail>
</item>

<item>
	<title>Americano</title>
	<meta>
		<content>movie</content>
		<imdb>tt3181400</imdb>
		<title>Americano</title>
		<year>2016</year>
	</meta>
	<link>
		<sublink>search</sublink>
		<sublink>searchsd</sublink>
	</link>
	<thumbnail>http://image.tmdb.org/t/p/w500/tUYvquQI54QO7ju1zGuOnAC7FpF.jpg</thumbnail>
</item>

<item>
<title>Anastasia</title>
<meta>
<content>movie</content>
<imdb>tt0118617</imdb>
<title>Anastasia</title>
<year>1997</year>
</meta>
<link>
<sublink>search</sublink>
<sublink>searchsd</sublink>
</link>
<thumbnail>https://image.tmdb.org/t/p/w396/hhucFKyImKCPe7lQSpKPvHtdZl4.jpg</thumbnail>
</item>

<item>
	<title>Antz</title>
	<meta>
		<content>movie</content>
		<imdb>tt0120587</imdb>
		<title>Antz</title>
		<year>1998</year>
	</meta>
	<link>
		<sublink>search</sublink>
		<sublink>searchsd</sublink>
	</link>
	<thumbnail>http://image.tmdb.org/t/p/w500/3biVcPu5hrfKUMC73sTFq17dmmS.jpg</thumbnail>
</item>

<item>
<title>Arjun: The Warrior Prince</title>
<meta>
<content>movie</content>
<imdb>tt2404173</imdb>
<title>Arjun: The Warrior Prince</title>
<year>2012</year>
</meta>
<link>
<sublink>search</sublink>
<sublink>searchsd</sublink>
</link>
<thumbnail>https://image.tmdb.org/t/p/original/czQP4TQEVN7lrXVOdz8rMQxHCiN.jpg</thumbnail>
</item>

<item>
<title>Arthur and the Invisibles</title>
<meta>
<content>movie</content>
<imdb>tt0344854</imdb>
<title>Arthur and the Invisibles</title>
<year>2006</year>
</meta>
<link>
<sublink>search</sublink>
<sublink>searchsd</sublink>
</link>
<thumbnail>https://image.tmdb.org/t/p/w396/idbP413bzKWrQXJyElrDazcJUFM.jpg</thumbnail>
</item>

<item>
	<title>A Stork's Journey</title>
	<meta>
		<content>movie</content>
		<imdb>tt3823116</imdb>
		<title>A Stork's Journey</title>
		<year>2017</year>
	</meta>
	<link>
		<sublink>search</sublink>
		<sublink>searchsd</sublink>
	</link>
	<thumbnail>http://image.tmdb.org/t/p/w500/aKwgGlhdhdbx0duJhCRojkEZXgU.jpg</thumbnail>
</item>


<item>
<title>Astro Boy</title>
<meta>
<content>movie</content>
<imdb>tt0375568</imdb>
<title>Astro Boy</title>
<year>2009</year>
</meta>
<link>
<sublink>search</sublink>
<sublink>searchsd</sublink>
</link>
<thumbnail>https://image.tmdb.org/t/p/w396/4kQczIhUFTnDWwG6HKsgCxLoi6.jpg</thumbnail>
</item>

<item>
<title>Atlantis: The Lost Empire</title>
<meta>
<content>movie</content>
<imdb>tt0230011</imdb>
<title>Atlantis: The Lost Empire</title>
<year>2001</year>
</meta>
<link>
<sublink>search</sublink>
<sublink>searchsd</sublink>
</link>
<thumbnail>https://image.tmdb.org/t/p/original/9kbLIQEj99g5Hb9g1IG3VNdtt3h.jpg</thumbnail>
</item>

<item>
	<title>A Turtle's Tale</title>
	<meta>
		<content>movie</content>
		<imdb>tt1230204</imdb>
		<title>A Turtle's Tale: Sammy's Adventures</title>
		<year>2010</year>
	</meta>
	<link>
		<sublink>search</sublink>
		<sublink>searchsd</sublink>
	</link>
	<thumbnail>http://image.tmdb.org/t/p/w500/yywGlSbbcw1WeikWqVY2yxiMsTL.jpg</thumbnail>
</item>

<item>
	<title>A Turtle’s Tale 2</title>
	<meta>
		<content>movie</content>
		<imdb>tt2288005</imdb>
		<title>A Turtle’s Tale 2: Sammy’s Escape From Paradise</title>
		<year>2012</year>
	</meta>
	<link>
		<sublink>search</sublink>
		<sublink>searchsd</sublink>
	</link>
	<thumbnail>http://image.tmdb.org/t/p/w500/tsvIVb9cMLHtoYelMKa20tHJDVE.jpg</thumbnail>
</item>

<item>
<title>Back to the Jurassic</title>
<meta>
<content>movie</content>
<imdb>tt4693418</imdb>
<title>Back to the Jurassic</title>
<year>2015</year>
</meta>
<link>
<sublink>search</sublink>
<sublink>searchsd</sublink>
</link>
<thumbnail>https://image.tmdb.org/t/p/w396/b2mqjTI5L9JNvk4XxSwogrfP73n.jpg</thumbnail>
</item>

<item>
	<title>Back at the Barnyard: When No One's Looking </title>
	<meta>
		<content>movie</content>
		<imdb>tt0857277</imdb>
		<title>Back at the Barnyard: When No One's Looking</title>
		<year>2008</year>
	</meta>
	<link>
		<sublink>search</sublink>
		<sublink>searchsd</sublink>
	</link>
	<thumbnail>http://image.tmdb.org/t/p/w500/jQENRXlVrWBoGqZmXOoHtzCzNln.jpg</thumbnail>
</item>

<item>
<title>Bambi</title>
<meta>
<content>movie</content>
<imdb>tt0034492</imdb>
<title>Bambi</title>
<year>1942</year>
</meta>
<link>
<sublink>search</sublink>
<sublink>searchsd</sublink>
</link>
<thumbnail>https://image.tmdb.org/t/p/original/laABfcpEKweQsaZwCWzmGNUpij9.jpg</thumbnail>
</item>

<item>
	<title>Barnyard </title>
	<meta>
		<content>movie</content>
		<imdb>tt0414853</imdb>
		<title>Barnyard</title>
		<year>2006</year>
	</meta>
	<link>
		<sublink>search</sublink>
		<sublink>searchsd</sublink>
	</link>
	<thumbnail>http://image.tmdb.org/t/p/w500/5Oooyxd5B9JKl8o4iyOwwUf7JHk.jpg</thumbnail>
</item>

<item>
	<title>Batman and Harley Quinn </title>
	<meta>
		<content>movie</content>
		<imdb>tt6556890</imdb>
		<title>Batman and Harley Quinn</title>
		<year>2017</year>
	</meta>
	<link>
		<sublink>search</sublink>
		<sublink>searchsd</sublink>
	</link>
	<thumbnail>http://image.tmdb.org/t/p/w500/uVdxoD9kn28qC8VQiVA6Uif1QHl.jpg</thumbnail>
</item>

<item>
	<title>Batman: The Killing Joke </title>
	<meta>
		<content>movie</content>
		<imdb>tt4853102</imdb>
		<title>Batman: The Killing Joke</title>
		<year>2016</year>
	</meta>
	<link>
		<sublink>search</sublink>
		<sublink>searchsd</sublink>
	</link>
	<thumbnail>http://image.tmdb.org/t/p/w500/zm0ODjtfJfJW0W269LqsQl5OhJ8.jpg</thumbnail>
</item>

<item>
<title>Bears </title>
<meta>
<content>movie</content>
<imdb>tt2458776</imdb>
<title>Bears</title>
<year>2014</year>
</meta>
<link>
<sublink>search</sublink>
<sublink>searchsd</sublink>
</link>
<thumbnail>https://image.tmdb.org/t/p/original/uhxE8FLguSshnlv41lKRvZYZ4av.jpg</thumbnail>
</item>

<item>
<title>Beauty and the Beast</title>
<meta>
<content>movie</content>
<imdb>tt0101414</imdb>
<title>Beauty and the Beast</title>
<year>1991</year>
</meta>
<link>
<sublink>search</sublink>
<sublink>searchsd</sublink>
</link>
<thumbnail>https://image.tmdb.org/t/p/w396/vGyhh8XB1AnDhBc4ssxrrz6ihdX.jpg</thumbnail>
</item>

<item>
<title>Bedknobs and Broomsticks</title>
<meta>
<content>movie</content>
<imdb>tt0066817</imdb>
<title>Bedknobs and Broomsticks</title>
<year>1971</year>
</meta>
<link>
<sublink>search</sublink>
<sublink>searchsd</sublink>
</link>
<thumbnail>https://image.tmdb.org/t/p/original/1mWFExXAlUSgfBKGkK3mjH1iXk4.jpg</thumbnail>
</item>

<item>
	<title>Beverly Hills Chihuahua 2 </title>
	<meta>
		<content>movie</content>
		<imdb>tt1482393</imdb>
		<title>Beverly Hills Chihuahua 2</title>
		<year>2011</year>
	</meta>
	<link>
		<sublink>search</sublink>
		<sublink>searchsd</sublink>
	</link>
	<thumbnail>http://image.tmdb.org/t/p/w500/e3ijGsYIKTeay7ooDmzhaK7GbiU.jpg</thumbnail>
</item>

<item>
	<title>Big Hero 6 </title>
	<meta>
		<content>movie</content>
		<imdb>tt2245084</imdb>
		<title>Big Hero 6</title>
		<year>2014</year>
	</meta>
	<link>
		<sublink>search</sublink>
		<sublink>searchsd</sublink>
	</link>
	<thumbnail>http://image.tmdb.org/t/p/w500/3zQvuSAUdC3mrx9vnSEpkFX0968.jpg</thumbnail>
</item>

<item>
	<title>Bling </title>
	<meta>
		<content>movie</content>
		<imdb>tt5161658</imdb>
		<title>Bling</title>
		<year>2016</year>
	</meta>
	<link>
		<sublink>search</sublink>
		<sublink>searchsd</sublink>
	</link>
	<thumbnail>http://image.tmdb.org/t/p/w500/4nVzGn8ezRPlSx3u6SYAWcQUYxg.jpg</thumbnail>
</item>

<item>
	<title>Bolt </title>
	<meta>
		<content>movie</content>
		<imdb>tt0397892</imdb>
		<title>Bolt</title>
		<year>2008</year>
	</meta>
	<link>
		<sublink>search</sublink>
		<sublink>searchsd</sublink>
	</link>
	<thumbnail>http://image.tmdb.org/t/p/w500/pGA75RbbIDXlUJtzJogAtS0KyxL.jpg</thumbnail>
</item>

<item>
<title>Brave </title>
<meta>
<content>movie</content>
<imdb>tt1217209</imdb>
<title>Brave</title>
<year>2012</year>
</meta>
<link>
<sublink>search</sublink>
<sublink>searchsd</sublink>
</link>
<thumbnail>https://image.tmdb.org/t/p/w396/6zMUhU3lEMky62ghhbFXLEsbI6K.jpg</thumbnail>
</item>

<item>
<title>Brother Bear </title>
<meta>
<content>movie</content>
<imdb>tt0328880</imdb>
<title>Brother Bear</title>
<year>2003</year>
</meta>
<link>
<sublink>search</sublink>
<sublink>searchsd</sublink>
</link>
<thumbnail>https://image.tmdb.org/t/p/original/eX2LXUvmSZW7gow2J4icmUj4EK0.jpg</thumbnail>
</item>

<item>
	<title>Bunyan and Babe </title>
	<meta>
		<content>movie</content>
		<imdb>tt0331314</imdb>
		<title>Bunyan and Babe</title>
		<year>2017</year>
	</meta>
	<link>
		<sublink>search</sublink>
		<sublink>searchsd</sublink>
	</link>
	<thumbnail>http://image.tmdb.org/t/p/w500/eX4LnddA9RFEOw8ZEPmBjZFNmR6.jpg</thumbnail>
</item>

<item>
	<title>Captain Underpants: The First Epic Movie </title>
	<meta>
		<content>movie</content>
		<imdb>tt2091256</imdb>
		<title>Captain Underpants: The First Epic Movie</title>
		<year>2017</year>
	</meta>
	<link>
		<sublink>search</sublink>
		<sublink>searchsd</sublink>
	</link>
	<thumbnail>http://image.tmdb.org/t/p/w500/AjHZIkzhPXrRNE4VSLVWx6dirK9.jpg</thumbnail>
</item>

<item>
	<title>Cars </title>
	<meta>
		<content>movie</content>
		<imdb>tt0317219</imdb>
		<title>Cars</title>
		<year>2006</year>
	</meta>
	<link>
		<sublink>search</sublink>
		<sublink>searchsd</sublink>
	</link>
	<thumbnail>http://image.tmdb.org/t/p/w500/5damnMcRFKSjhCirgX3CMa88MBj.jpg</thumbnail>
</item>

<item>
	<title>Cars 2 </title>
	<meta>
		<content>movie</content>
		<imdb>tt1216475</imdb>
		<title>Cars 2</title>
		<year>2011</year>
	</meta>
	<link>
		<sublink>search</sublink>
		<sublink>searchsd</sublink>
	</link>
	<thumbnail>http://image.tmdb.org/t/p/w500/AblhtULOVtrkSnFxRPQ8gBemxw9.jpg</thumbnail>
</item>

<item>
	<title>Cars 3 </title>
	<meta>
		<content>movie</content>
		<imdb>tt3606752</imdb>
		<title>Cars 3</title>
		<year>2017</year>
	</meta>
	<link>
		<sublink>search</sublink>
		<sublink>searchsd</sublink>
	</link>
	<thumbnail>http://image.tmdb.org/t/p/w500/fyy1nDC8wm553FCiBDojkJmKLCs.jpg</thumbnail>
</item>

<item>
	<title>Charlotte's Web</title>
	<meta>
		<content>movie</content>
		<imdb>tt0070016</imdb>
		<title>Charlotte's Web</title>
		<year>1973</year>
	</meta>
	<link>
		<sublink>search</sublink>
		<sublink>searchsd</sublink>
	</link>
	<thumbnail>http://image.tmdb.org/t/p/w500/aX0r77IQffLo3Efo6sP2ORwIcEM.jpg</thumbnail>
</item>

<item>
<title>Chicken Little </title>
<meta>
<content>movie</content>
<imdb>tt0371606</imdb>
<title>Chicken Little</title>
<year>2005</year>
</meta>
<link>
<sublink>search</sublink>
<sublink>searchsd</sublink>
</link>
<thumbnail>https://image.tmdb.org/t/p/original/iLMALbInUmbNn1tHmxJEWm5MyjP.jpg</thumbnail>
</item>

<item>
<title>Cinderella</title>
<meta>
<content>movie</content>
<imdb>tt0042332</imdb>
<title>Cinderella</title>
<year>1950</year>
</meta>
<link>
<sublink>search</sublink>
<sublink>searchsd</sublink>
</link>
<thumbnail>https://image.tmdb.org/t/p/w396/8zkulWy8yzjYEd8wGZp80wadtdD.jpg</thumbnail>
</item>

<item>
<title>Cloudy with a Chance of Meatballs </title>
<meta>
<content>movie</content>
<imdb>tt0844471</imdb>
<title>Cloudy with a Chance of Meatballs</title>
<year>2009</year>
</meta>
<link>
<sublink>search</sublink>
<sublink>searchsd</sublink>
</link>
<thumbnail>https://image.tmdb.org/t/p/w396/75QV0rNm6QHpMnpIGrZK0ev08rH.jpg</thumbnail>
</item>

<item>
<title>Cloudy with a Chance of Meatballs 2 </title>
<meta>
<content>movie</content>
<imdb>tt1985966</imdb>
<title>Cloudy with a Chance of Meatballs 2</title>
<year>2013</year>
</meta>
<link>
<sublink>search</sublink>
<sublink>searchsd</sublink>
</link>
<thumbnail>https://image.tmdb.org/t/p/w396/oZjluB568NJVtRrny4rpeApGuNi.jpg</thumbnail>
</item>

<item>
	<title>Deep </title>
	<meta>
		<content>movie</content>
		<imdb>tt4105584</imdb>
		<title>Deep</title>
		<year>2017</year>
	</meta>
	<link>
		<sublink>search</sublink>
		<sublink>searchsd</sublink>
	</link>
	<thumbnail>http://image.tmdb.org/t/p/w500/14mEMC6rRNedvaz1d5sfLX8uRGt.jpg</thumbnail>
</item>

<item>
	<title>Descendants </title>
	<meta>
		<content>movie</content>
		<imdb>tt3440298</imdb>
		<title>Descendants</title>
		<year>2015</year>
	</meta>
	<link>
		<sublink>search</sublink>
		<sublink>searchsd</sublink>
	</link>
	<thumbnail>http://image.tmdb.org/t/p/w500/sn7wRZwWKg9tUmDlMcbtaaWOdWM.jpg</thumbnail>
</item>

<item>
	<title>Descendants 2 </title>
	<meta>
		<content>movie</content>
		<imdb>tt5117876</imdb>
		<title>Descendants 2</title>
		<year>2017</year>
	</meta>
	<link>
		<sublink>search</sublink>
		<sublink>searchsd</sublink>
	</link>
	<thumbnail>http://image.tmdb.org/t/p/w500/7TLywOVzWwU1GMyqdjUiSVzBiyc.jpg</thumbnail>
</item>

<item>
	<title>Despicable Me </title>
	<meta>
		<content>movie</content>
		<imdb>tt1323594</imdb>
		<title>Despicable Me</title>
		<year>2010</year>
	</meta>
	<link>
		<sublink>search</sublink>
		<sublink>searchsd</sublink>
	</link>
	<thumbnail>http://image.tmdb.org/t/p/w500/4zHJhBSY4kNZXfhTlmy2TzXD51M.jpg</thumbnail>
</item>

<item>
	<title>Despicable Me 2 </title>
	<meta>
		<content>movie</content>
		<imdb>tt1690953</imdb>
		<title>Despicable Me 2</title>
		<year>2013</year>
	</meta>
	<link>
		<sublink>search</sublink>
		<sublink>searchsd</sublink>
	</link>
	<thumbnail>http://image.tmdb.org/t/p/w500/kQrYyZQHkwkUg2KlUDyvymj9FAp.jpg</thumbnail>
</item>

<item>
	<title>Despicable Me 3 </title>
	<meta>
		<content>movie</content>
		<imdb>tt3469046</imdb>
		<title>Despicable Me 3</title>
		<year>2017</year>
	</meta>
	<link>
		<sublink>search</sublink>
		<sublink>searchsd</sublink>
	</link>
	<thumbnail>http://image.tmdb.org/t/p/w500/5qcUGqWoWhEsoQwNUrtf3y3fcWn.jpg</thumbnail>
</item>

<item>
<title>Dinosaur </title>
<meta>
<content>movie</content>
<imdb>tt0130623</imdb>
<title>Dinosaur</title>
<year>2000</year>
</meta>
<link>
<sublink>search</sublink>
<sublink>searchsd</sublink>
</link>
<thumbnail>https://image.tmdb.org/t/p/original/jZDp3C5howi40aCeqXDJliodXk9.jpg</thumbnail>
</item>

<item>
<title>Doogal </title>
<meta>
<content>movie</content>
<imdb>tt0763304</imdb>
<title>Doogal</title>
<year>2006</year>
</meta>
<link>
<sublink>search</sublink>
<sublink>searchsd</sublink>
</link>
<thumbnail>https://image.tmdb.org/t/p/w396/46q2yKW35gWi87n9Z3uXwUnAtiX.jpg</thumbnail>
</item>

<item>
<title>Doug's 1st Movie </title>
<meta>
<content>movie</content>
<imdb>tt0187819</imdb>
<title>Doug's 1st Movie</title>
<year>1999</year>
</meta>
<link>
<sublink>search</sublink>
<sublink>searchsd</sublink>
</link>
<thumbnail>https://image.tmdb.org/t/p/original/lfRCuIMTueGfGot654yc9PlVhrL.jpg</thumbnail>
</item>

<item>
<title>DuckTales the Movie: Treasure of the Lost Lamp (1990)</title>
<meta>
<content>movie</content>
<imdb>tt0099472</imdb>
<title>DuckTales the Movie: Treasure of the Lost Lamp</title>
<year>1990</year>
</meta>
<link>
<sublink>search</sublink>
<sublink>searchsd</sublink>
</link>
<thumbnail>https://image.tmdb.org/t/p/original/dPikP4LLcw2JV2LSBKKVtcl5d4v.jpg</thumbnail>
</item>

<item>
<title>Dumbo</title>
<meta>
<content>movie</content>
<imdb>tt0033563</imdb>
<title>Dumbo</title>
<year>1941</year>
</meta>
<link>
<sublink>search</sublink>
<sublink>searchsd</sublink>
</link>
<thumbnail>https://image.tmdb.org/t/p/w396/r5IqhwZ61OuKlsyDwvXWyWQZK30.jpg</thumbnail>
</item>

<item>
<title>Epic </title>
<meta>
<content>movie</content>
<imdb>tt0848537</imdb>
<title>Epic</title>
<year>2013</year>
</meta>
<link>
<sublink>search</sublink>
<sublink>searchsd</sublink>
</link>
<thumbnail>https://image.tmdb.org/t/p/w396/fdXA81BOdZ3pEyBlY8UUvuJj136.jpg</thumbnail>
</item>

<item>
<title>Escape from Planet Earth </title>
<meta>
<content>movie</content>
<imdb>tt0765446</imdb>
<title>Escape from Planet Earth</title>
<year>2013</year>
</meta>
<link>
<sublink>search</sublink>
<sublink>searchsd</sublink>
</link>
<thumbnail>https://image.tmdb.org/t/p/w396/ql8q3VrEWQ7h0zdrUj0NF9IAm5i.jpg</thumbnail>
</item>

<item>
<title>Everyone's Hero </title>
<meta>
<content>movie</content>
<imdb>tt0430779</imdb>
<title>Everyone's Hero</title>
<year>2006</year>
</meta>
<link>
<sublink>search</sublink>
<sublink>searchsd</sublink>
</link>
<thumbnail>https://image.tmdb.org/t/p/w396/8pWPBlTuOJwBfLTqQceADLUhqTl.jpg</thumbnail>
</item>

<item>
<title>Fantasia</title>
<meta>
<content>movie</content>
<imdb>tt0032455</imdb>
<title>Fantasia</title>
<year>1940</year>
</meta>
<link>
<sublink>search</sublink>
<sublink>searchsd</sublink>
</link>
<thumbnail>https://image.tmdb.org/t/p/original/9YXyiRszikyoakc4oNaHbjjybmT.jpg</thumbnail>
</item>

<item>
<title>Fantasia</title>
<meta>
<content>movie</content>
<imdb>tt0120910</imdb>
<title>Fantasia/2000</title>
<year>1999</year>
</meta>
<link>
<sublink>search</sublink>
<sublink>searchsd</sublink>
</link>
<thumbnail>https://image.tmdb.org/t/p/original/xKNP9Q5QpXKksLWKuuyOA1jUkv7.jpg</thumbnail>
</item>

<item>
<title>Fantastic Mr. Fox </title>
<meta>
<content>movie</content>
<imdb>tt0432283</imdb>
<title>Fantastic Mr. Fox</title>
<year>2009</year>
</meta>
<link>
<sublink>search</sublink>
<sublink>searchsd</sublink>
</link>
<thumbnail>https://image.tmdb.org/t/p/w396/750pfEttsYAVmynRg2vmt1AXh4q.jpg</thumbnail>
</item>

<item>
	<title>Finding Dory </title>
	<meta>
		<content>movie</content>
		<imdb>tt2277860</imdb>
		<title>Finding Dory</title>
		<year>2016</year>
	</meta>
	<link>
		<sublink>search</sublink>
		<sublink>searchsd</sublink>
	</link>
	<thumbnail>http://image.tmdb.org/t/p/w500/z09QAf8WbZncbitewNk6lKYMZsh.jpg</thumbnail>]
</item>

<item>
	<title>Finding Nemo </title>
	<meta>
		<content>movie</content>
		<imdb>tt0266543</imdb>
		<title>Finding Nemo</title>
		<year>2003</year>
	</meta>
	<link>
		<sublink>search</sublink>
		<sublink>searchsd</sublink>
	</link>
	<thumbnail>http://image.tmdb.org/t/p/w500/syPWyeeqzTQIxjIUaIFI7d0TyEY.jpg</thumbnail>
</item>

<item>
<title>Frankenweenie </title>
<meta>
<content>movie</content>
<imdb>tt1142977</imdb>
<title>Frankenweenie</title>
<year>2012</year>
</meta>
<link>
<sublink>search</sublink>
<sublink>searchsd</sublink>
</link>
<thumbnail>https://image.tmdb.org/t/p/original/zMFJ0Uy9y0Oy3KPbgtRic6IYzRk.jpg</thumbnail>
</item>

<item>
	<title>Frozen </title>
	<meta>
		<content>movie</content>
		<imdb>tt2294629</imdb>
		<title>Frozen</title>
		<year>2013</year>
	</meta>
	<link>
		<sublink>search</sublink>
		<sublink>searchsd</sublink>
	</link>
	<thumbnail>http://image.tmdb.org/t/p/w500/jIjdFXKUNtdf1bwqMrhearpyjMj.jpg</thumbnail>
</item>

<item>
	<title>Frozen Fever </title>
	<meta>
		<content>movie</content>
		<imdb>tt4007502</imdb>
		<title>Frozen Fever</title>
		<year>2015</year>
	</meta>
	<link>
		<sublink>search</sublink>
		<sublink>searchsd</sublink>
	</link>
	<thumbnail>http://image.tmdb.org/t/p/w500/lKJiVPzsAO9IJ4LKWXZ8vkR2bg4.jpg</thumbnail>
</item>

<item>
	<title>Go, Diego, Go!: Wolf Pup Rescue </title>
	<meta>
		<content>movie</content>
		<imdb></imdb>
		<title>Go, Diego, Go!: Wolf Pup Rescue</title>
		<year>2006</year>
	</meta>
	<link>
		<sublink>search</sublink>
		<sublink>searchsd</sublink>
	</link>
	<thumbnail>http://image.tmdb.org/t/p/w500/ym6OL17KM68ojPfOEDDqo7oFc09.jpg</thumbnail>
</item>

<item>
<title>Happily N'Ever After </title>
<meta>
<content>movie</content>
<imdb>tt0308353</imdb>
<title>Happily N'Ever After</title>
<year>2006</year>
</meta>
<link>
<sublink>search</sublink>
<sublink>searchsd</sublink>
</link>
<thumbnail>https://image.tmdb.org/t/p/w396/pk80r0negE6P0zlBiuaeIESttXX.jpg</thumbnail>
</item>

<item>
	<title>Happy Feet </title>
	<meta>
		<content>movie</content>
		<imdb>tt0366548</imdb>
		<title>Happy Feet</title>
		<year>2006</year>
	</meta>
	<link>
		<sublink>search</sublink>
		<sublink>searchsd</sublink>
	</link>
	<thumbnail>http://image.tmdb.org/t/p/w500/8RLEzftZK87S2usLsQoYtyNYzoV.jpg</thumbnail>
</item>

<item>
	<title>Happy Feet Two </title>
	<meta>
		<content>movie</content>
		<imdb>tt1402488</imdb>
		<title>Happy Feet Two</title>
		<year>2011</year>
	</meta>
	<link>
		<sublink>search</sublink>
		<sublink>searchsd</sublink>
	</link>
	<thumbnail>http://image.tmdb.org/t/p/w500/gY8lWCObaGvcDsmeM8QHBF4AZVk.jpg</thumbnail>
</item>

<item>
	<title>Hatched: Chicks Gone Wild! </title>
	<meta>
		<content>movie</content>
		<imdb>tt3505298</imdb>
		<title>Hatched: Chicks Gone Wild!</title>
		<year>2015</year>
	</meta>
	<link>
		<sublink>search</sublink>
		<sublink>searchsd</sublink>
	</link>
	<thumbnail>http://image.tmdb.org/t/p/w500/cCn8Ra1ipIiNjpUCRIcxja5L9L5.jpg</thumbnail>
</item>

<item>
	<title>Hey Arnold! The Jungle Movie </title>
	<meta>
		<content>movie</content>
		<imdb>tt5257726</imdb>
		<title>Hey Arnold! The Jungle Movie</title>
		<year>2017</year>
	</meta>
	<link>
		<sublink>search</sublink>
		<sublink>searchsd</sublink>
	</link>
	<thumbnail>http://image.tmdb.org/t/p/w500/r42WcL8xjH3ThQywlSfWgoW4GOU.jpg</thumbnail>
</item>

<item>
	<title>Home </title>
	<meta>
		<content>movie</content>
		<imdb>tt2224026</imdb>
		<title>Home</title>
		<year>2015</year>
	</meta>
	<link>
		<sublink>search</sublink>
		<sublink>searchsd</sublink>
	</link>
	<thumbnail>http://image.tmdb.org/t/p/w500/nIvfqZkq4nQmmIwOowRgBLhWoDd.jpg</thumbnail>
</item>

<item>
<title>Hoodwinked! </title>
<meta>
<content>movie</content>
<imdb>tt0443536</imdb>
<title>Hoodwinked!</title>
<year>2005</year>
</meta>
<link>
<sublink>search</sublink>
<sublink>searchsd</sublink>
</link>
<thumbnail>https://image.tmdb.org/t/p/w396/cx7CmTKBa5sgZqLp6680CdMrZc1.jpg</thumbnail>
</item>

<item>
<title>Hop </title>
<meta>
<content>movie</content>
<imdb>tt1411704</imdb>
<title>Hop</title>
<year>2011</year>
</meta>
<link>
<sublink>search</sublink>
<sublink>searchsd</sublink>
</link>
<thumbnail>https://image.tmdb.org/t/p/w396/avbiy6qaRMbfeI8HRpNg2HLaNwD.jpg</thumbnail>
</item>

<item>
<title>Hotel Transylvania </title>
<meta>
<content>movie</content>
<imdb>tt0837562</imdb>
<title>Hotel Transylvania</title>
<year>2012</year>
</meta>
<link>
<sublink>search</sublink>
<sublink>searchsd</sublink>
</link>
<thumbnail>https://image.tmdb.org/t/p/w396/8DGGcTCl47s1tmzSLxUNLXDcJge.jpg</thumbnail>
</item>

<item>
<title>Hotel Transylvania 2 </title>
<meta>
<content>movie</content>
<imdb>tt2510894</imdb>
<title>Hotel Transylvania 2</title>
<year>2015</year>
</meta>
<link>
<sublink>search</sublink>
<sublink>searchsd</sublink>
</link>
<thumbnail>https://image.tmdb.org/t/p/w396/t4PLWexbe4wbNydCOBv18cYexup.jpg</thumbnail>
</item>

<item>
	<title>How to Train Your Dragon </title>
	<meta>
		<content>movie</content>
		<imdb>tt0892769</imdb>
		<title>How to Train Your Dragon</title>
		<year>2010</year>
	</meta>
	<link>
		<sublink>search</sublink>
		<sublink>searchsd</sublink>
	</link>
	<thumbnail>http://image.tmdb.org/t/p/w500/3itnFVfx74ccUayMcywRHR8LLSd.jpg</thumbnail>
</item>

<item>
	<title>How to Train Your Dragon 2 </title>
	<meta>
		<content>movie</content>
		<imdb>tt1646971</imdb>
		<title>How to Train Your Dragon 2</title>
		<year>2014</year>
	</meta>
	<link>
		<sublink>search</sublink>
		<sublink>searchsd</sublink>
	</link>
	<thumbnail>http://image.tmdb.org/t/p/w500/lRjOR4uclMQijUav4OjeZprlehu.jpg</thumbnail>
</item>

<item>
	<title>Howard Lovecraft & the Frozen Kingdom </title>
	<meta>
		<content>movie</content>
		<imdb>tt4768656</imdb>
		<title>Howard Lovecraft & the Frozen Kingdom</title>
		<year>2016</year>
	</meta>
	<link>
		<sublink>search</sublink>
		<sublink>searchsd</sublink>
	</link>
	<thumbnail>http://image.tmdb.org/t/p/w500/wu29QWWxGCFpBqSPgvhWa0bY8Az.jpg</thumbnail>
</item>

<item>
	<title>Ice Age </title>
	<meta>
		<content>movie</content>
		<imdb>tt0268380</imdb>
		<title>Ice Age</title>
		<year>2002</year>
	</meta>
	<link>
		<sublink>search</sublink>
		<sublink>searchsd</sublink>
	</link>
	<thumbnail>http://image.tmdb.org/t/p/w500/zpaQwR0YViPd83bx1e559QyZ35i.jpg</thumbnail>
</item>

<item>
	<title>Ice Age: Collision Course </title>
	<meta>
		<content>movie</content>
		<imdb>tt3416828</imdb>
		<title>Ice Age: Collision Course</title>
		<year>2016</year>
	</meta>
	<link>
		<sublink>search</sublink>
		<sublink>searchsd</sublink>
	</link>
	<thumbnail>http://image.tmdb.org/t/p/w500/gRi7lTBBiRBhn9aJID5MdldcJEJ.jpg</thumbnail>
</item>

<item>
	<title>Ice Age: Continental Drift </title>
	<meta>
		<content>movie</content>
		<imdb>tt1667889</imdb>
		<title>Ice Age: Continental Drift</title>
		<year>2012</year>
	</meta>
	<link>
		<sublink>search</sublink>
		<sublink>searchsd</sublink>
	</link>
	<thumbnail>http://image.tmdb.org/t/p/w500/u30xsZd3mijrdBKA6CeDsozx48g.jpg</thumbnail>
</item>

<item>
	<title>Ice Age: Dawn of the Dinosaurs </title>
	<meta>
		<content>movie</content>
		<imdb>tt1080016</imdb>
		<title>Ice Age: Dawn of the Dinosaurs</title>
		<year>2009</year>
	</meta>
	<link>
		<sublink>search</sublink>
		<sublink>searchsd</sublink>
	</link>
	<thumbnail>http://image.tmdb.org/t/p/w500/crAf8b9gFpcdvY7majL8xWzTbem.jpg</thumbnail>
</item>

<item>
	<title>Ice Age: The Great Egg-Scapade </title>
	<meta>
		<content>movie</content>
		<imdb>tt5480340</imdb>
		<title>Ice Age: The Great Egg-Scapade</title>
		<year>2016</year>
	</meta>
	<link>
		<sublink>search</sublink>
		<sublink>searchsd</sublink>
	</link>
	<thumbnail>http://image.tmdb.org/t/p/w500/hhKix0CkCJwtNsCkJnrCdGV7oxn.jpg</thumbnail>
</item>

<item>
	<title>Ice Age: The Meltdown </title>
	<meta>
		<content>movie</content>
		<imdb>tt0438097</imdb>
		<title>Ice Age: The Meltdown</title>
		<year>2006</year>
	</meta>
	<link>
		<sublink>search</sublink>
		<sublink>searchsd</sublink>
	</link>
	<thumbnail>http://image.tmdb.org/t/p/w500/isRuztu5Ch7FJdtSBLcG8QSOpEI.jpg</thumbnail>
</item>

<item>
<title>Igor </title>
<meta>
<content>movie</content>
<imdb>tt0465502</imdb>
<title>Igor</title>
<year>2008</year>
</meta>
<link>
<sublink>search</sublink>
<sublink>searchsd</sublink>
</link>
<thumbnail>https://image.tmdb.org/t/p/w396/e6dXi4M5WpEXRsV5my1Szwqo3OQ.jpg</thumbnail>
</item>

<item>
	<title>Inside Out </title>
	<meta>
		<content>movie</content>
		<imdb>tt2096673</imdb>
		<title>Inside Out</title>
		<year>2015</year>
	</meta>
	<link>
		<sublink>search</sublink>
		<sublink>searchsd</sublink>
	</link>
	<thumbnail>http://image.tmdb.org/t/p/w500/aAmfIX3TT40zUHGcCKrlOZRKC7u.jpg</thumbnail>
</item>

<item>
	<title>James and the Giant Peach </title>
	<meta>
		<content>movie</content>
		<imdb>tt0116683</imdb>
		<title>James and the Giant Peach</title>
		<year>1996</year>
	</meta>
	<link>
		<sublink>search</sublink>
		<sublink>searchsd</sublink>
	</link>
	<thumbnail>http://image.tmdb.org/t/p/w500/fDfgO1jkPAIX9ZbXka9XcOfDWl3.jpg</thumbnail>
</item>

<item>
	<title>Justice League Dark </title>
	<meta>
		<content>movie</content>
		<imdb>tt2494376</imdb>
		<title>Justice League Dark</title>
		<year>2017</year>
	</meta>
	<link>
		<sublink>search</sublink>
		<sublink>searchsd</sublink>
	</link>
	<thumbnail>http://image.tmdb.org/t/p/w500/lGa2sK2LdcHQjasYyukl3P2nras.jpg</thumbnail>
</item>

<item>
	<title>Justice League: The Flashpoint Paradox </title>
	<meta>
		<content>movie</content>
		<imdb>tt2820466</imdb>
		<title>Justice League: The Flashpoint Paradox</title>
		<year>2013</year>
	</meta>
	<link>
		<sublink>search</sublink>
		<sublink>searchsd</sublink>
	</link>
	<thumbnail>http://image.tmdb.org/t/p/w500/sqWvI1M8cnAuXAws3hB11XwLpU2.jpg</thumbnail>
</item>

<item>
	<title>Kubo and the Two Strings </title>
	<meta>
		<content>movie</content>
		<imdb>tt4302938</imdb>
		<title>Kubo and the Two Strings</title>
		<year>2016</year>
	</meta>
	<link>
		<sublink>search</sublink>
		<sublink>searchsd</sublink>
	</link>
	<thumbnail>http://image.tmdb.org/t/p/w500/3Kr9CIIMcXTPlm6cdZ9y3QTe4Y7.jpg</thumbnail>
</item>

<item>
	<title>Kung Fu Panda </title>
	<meta>
		<content>movie</content>
		<imdb>tt0441773</imdb>
		<title>Kung Fu Panda</title>
		<year>2008</year>
	</meta>
	<link>
		<sublink>search</sublink>
		<sublink>searchsd</sublink>
	</link>
	<thumbnail>http://image.tmdb.org/t/p/w500/2Paj1nufT0jeSY0G4u3RC31HIGT.jpg</thumbnail>
</item>

<item>
	<title>Kung Fu Panda 2 </title>
	<meta>
		<content>movie</content>
		<imdb>tt1302011</imdb>
		<title>Kung Fu Panda 2</title>
		<year>2011</year>
	</meta>
	<link>
		<sublink>search</sublink>
		<sublink>searchsd</sublink>
	</link>
	<thumbnail>http://image.tmdb.org/t/p/w500/Fzyy2dauoKxjUzUPYYo3kJkJAW.jpg</thumbnail>
</item>

<item>
	<title>Kung Fu Panda 3 </title>
	<meta>
		<content>movie</content>
		<imdb>tt2267968</imdb>
		<title>Kung Fu Panda 3</title>
		<year>2016</year>
	</meta>
	<link>
		<sublink>search</sublink>
		<sublink>searchsd</sublink>
	</link>
	<thumbnail>http://image.tmdb.org/t/p/w500/MZFPacfKzgisnPoJIPEFZUXBBT.jpg</thumbnail>
</item>

<item>
<title>Lady and the Tramp</title>
<meta>
<content>movie</content>
<imdb>tt0048280</imdb>
<title>Lady and the Tramp</title>
<year>1955</year>
</meta>
<link>
<sublink>search</sublink>
<sublink>searchsd</sublink>
</link>
<thumbnail>https://image.tmdb.org/t/p/original/AqQpqEn33UYExlAoWA02Hizb2lc.jpg</thumbnail>
</item>

<item>
    <title>LEGO Batman Movie </title>
    <meta>
        <content>movie</content>
        <imdb>tt4116284</imdb>
        <title>The Lego Batman Movie</title>
        <year>2017</year>
    </meta>
    <link>
        <sublink>search</sublink>
        <sublink>searchsd</sublink>
    </link>
    <thumbnail>http://image.tmdb.org/t/p/w500/snGwr2gag4Fcgx2OGmH9otl6ofW.jpg</thumbnail>
</item>
 
<item>
	<title>LEGO Batman: The Movie - DC Super Heroes Unite </title>
	<meta>
		<content>movie</content>
		<imdb>tt2465238</imdb>
		<title>Lego Batman: The Movie - DC Super Heroes Unite</title>
		<year>2013</year>
	</meta>
	<link>
		<sublink>search</sublink>
		<sublink>searchsd</sublink>
	</link>
	<thumbnail>http://image.tmdb.org/t/p/w500/78Hqhqm1u1qampaBngYwwPwp3s6.jpg</thumbnail>
</item>

<item>
	<title>LEGO DC Comics Super Heroes: Justice League: Attack of the Legion of Doom! </title>
	<meta>
		<content>movie</content>
		<imdb>tt4938416</imdb>
		<title>LEGO DC Comics Super Heroes: Justice League: Attack of the Legion of Doom!</title>
		<year>2015</year>
	</meta>
	<link>
		<sublink>search</sublink>
		<sublink>searchsd</sublink>
	</link>
	<thumbnail>http://image.tmdb.org/t/p/w500/oaviDpjEvFRKur8aooT7pJKgETx.jpg</thumbnail>\
</item>

<item>
	<title>LEGO DC Super Hero Girls: Brain Drain </title>
	<meta>
		<content>movie</content>
		<imdb>tt7158814</imdb>
		<title>LEGO DC Super Hero Girls: Brain Drain</title>
		<year>2017</year>
	</meta>
	<link>
		<sublink>search</sublink>
		<sublink>searchsd</sublink>
	</link>
	<thumbnail>http://image.tmdb.org/t/p/w500/niLX2txdI5GlVowJlnb5Hr26QpK.jpg</thumbnail>
</item>

<item>
    <title>LEGO The Movie </title>
    <meta>
        <content>movie</content>
        <imdb>tt1490017</imdb>
        <title>The Lego Movie</title>
        <year>2014</year>
    </meta>
    <link>
        <sublink>search</sublink>
        <sublink>searchsd</sublink>
    </link>
    <thumbnail>http://image.tmdb.org/t/p/w500/lMHbadNmznKs5vgBAkHxKGHulOa.jpg</thumbnail>
</item>
 
<item>
  <title>LEGO Ninjago Movie</title>
  <meta>
    <content>movie</content>
    <imdb>/tt3014284</imdb>
    <title>The Lego Ninjago Movie</title>
    <year>2017</year>
  </meta>
  <link>
    <sublink>search</sublink>
    <sublink>searchsd</sublink>
  </link>
  <thumbnail>https://image.tmdb.org/t/p/w640/uJhKcWL2GfqIh0W17JBnzlER9oh.jpg</thumbnail>
</item>

<item>
	<title>LEGO Scooby-Doo! Blowout Beach Bash </title>
	<meta>
		<content>movie</content>
		<imdb>tt6946580</imdb>
		<title>Lego Scooby-Doo! Blowout Beach Bash</title>
		<year>2017</year>
	</meta>
	<link>
		<sublink>search</sublink>
		<sublink>searchsd</sublink>
	</link>
	<thumbnail>http://image.tmdb.org/t/p/w500/sNlBs5ePyuTMFaBbUHabfpobjZX.jpg</thumbnail>
</item>

<item>
	<title>LEGO Scooby-Doo!: Haunted Hollywood </title>
	<meta>
		<content>movie</content>
		<imdb>tt5548284</imdb>
		<title>Lego Scooby-Doo!: Haunted Hollywood</title>
		<year>2016</year>
	</meta>
	<link>
		<sublink>search</sublink>
		<sublink>searchsd</sublink>
	</link>
	<thumbnail>http://image.tmdb.org/t/p/w500/pigMBBhYWIr9RZECHgMNmaOO0TS.jpg</thumbnail>
</item>

<item>
	<title>LEGO Scooby-Doo!: Knight Time Terror </title>
	<meta>
		<content>movie</content>
		<imdb>tt5377164</imdb>
		<title>Lego Scooby-Doo!: Knight Time Terror</title>
		<year>2015</year>
	</meta>
	<link>
		<sublink>search</sublink>
		<sublink>searchsd</sublink>
	</link>
	<thumbnail>http://image.tmdb.org/t/p/w500/phJwO2cBBnXcENPgRmwFge1dDMh.jpg</thumbnail>
</item>

<item>
	<title>Leo the Lion: King of the Jungle </title>
	<meta>
		<content>movie</content>
		<imdb>tt0234092</imdb>
		<title>Leo the Lion: King of the Jungle</title>
		<year>1994</year>
	</meta>
	<link>
		<sublink>search</sublink>
		<sublink>searchsd</sublink>
	</link>
	<thumbnail>http://image.tmdb.org/t/p/w500/tT9vzTjqjee4AM6c3rRZ5gO8zS7.jpg</thumbnail>
</item>

<item>
<title>Lilo & Stitch </title>
<meta>
<content>movie</content>
<imdb>tt0275847</imdb>
<title>Lilo & Stitch</title>
<year>2002</year>
</meta>
<link>
<sublink>search</sublink>
<sublink>searchsd</sublink>
</link>
<thumbnail>https://image.tmdb.org/t/p/w396/30ZmDr2RQSd42TDoQbT1y2KqiJi.jpg</thumbnail>
</item>

<item>
<title>Lilo & Stitch 2: Stitch has a Glitch </title>
<meta>
<content>movie</content>
<imdb>tt0457993</imdb>
<title>Lilo & Stitch 2: Stitch has a Glitch</title>
<year>2005</year>
</meta>
<link>
<sublink>search</sublink>
<sublink>searchsd</sublink>
</link>
<thumbnail>https://image.tmdb.org/t/p/w396/hUmQxcaWdHjwovD1ABrTHbpTcoo.jpg</thumbnail>
</item>

<item>
	<title>Lou </title>
	<meta>
		<content>movie</content>
		<imdb>tt6267732</imdb>
		<title>Lou</title>
		<year>2017</year>
	</meta>
	<link>
		<sublink>search</sublink>
		<sublink>searchsd</sublink>
	</link>
	<thumbnail>http://image.tmdb.org/t/p/w500/4G2CdCQjtZYYurVuO38dAcnJYuJ.jpg</thumbnail>
</item>

<item>
<title>Madagascar </title>
<meta>
<content>movie</content>
<imdb>tt0351283</imdb>
<title>Madagascar</title>
<year>2005</year>
</meta>
<link>
<sublink>search</sublink>
<sublink>searchsd</sublink>
</link>
<thumbnail>https://image.tmdb.org/t/p/w396/yumzX3Fn7geEKEjuAGNcRjZETPE.jpg</thumbnail>\
</item>

<item>
	<title>Madagascar 3: Europe's Most Wanted </title>
	<meta>
		<content>movie</content>
		<imdb>tt1277953</imdb>
		<title>Madagascar 3: Europe's Most Wanted</title>
		<year>2012</year>
	</meta>
	<link>
		<sublink>search</sublink>
		<sublink>searchsd</sublink>
	</link>
	<thumbnail>http://image.tmdb.org/t/p/w500/wd7NcMifnuf66gD2Fm7Tzz3yJ54.jpg</thumbnail>
</item>

<item>
<title>Madagascar: Escape 2 Africa </title>
<meta>
<content>movie</content>
<imdb>tt0479952</imdb>
<title>Madagascar: Escape 2 Africa</title>
<year>2008</year>
</meta>
<link>
<sublink>search</sublink>
</link>
<thumbnail>https://images-na.ssl-images-amazon.com/images/M/MV5BMjExMDA4NDcwMl5BMl5BanBnXkFtZTcwODAxNTQ3MQ@@._V1_.jpg</thumbnail>
</item>

<item>
	<title>Mariah Carey's All I Want for Christmas Is You </title>
	<meta>
		<content>movie</content>
		<imdb>tt6678950</imdb>
		<title>Mariah Carey's All I Want for Christmas Is You</title>
		<year>2017</year>
	</meta>
	<link>
		<sublink>search</sublink>
		<sublink>searchsd</sublink>
	</link>
	<thumbnail>http://image.tmdb.org/t/p/w500/5jv1ZhB4H5SdlG9Q1dEL8WSIIGq.jpg</thumbnail>
</item>

<item>
	<title>Maya the Bee Movie </title>
	<meta>
		<content>movie</content>
		<imdb>tt3336368</imdb>
		<title>Maya the Bee Movie</title>
		<year>2014</year>
	</meta>
	<link>
		<sublink>search</sublink>
		<sublink>searchsd</sublink>
	</link>
	<thumbnail>http://image.tmdb.org/t/p/w500/wgcyY5jcEdMODovQwAO9cf2DAeU.jpg</thumbnail>
</item>

<item>
<title>Meet the Robinsons </title>
<meta>
<content>movie</content>
<imdb>tt0396555</imdb>
<title>Meet the Robinsons</title>
<year>2007</year>
</meta>
<link>
<sublink>search</sublink>
<sublink>searchsd</sublink>
</link>
<thumbnail>https://image.tmdb.org/t/p/original/oe7w9SxGmpSW1dlz5QaVVKWBEVz.jpg</thumbnail>
</item>

<item>
	<title>Megamind </title>
	<meta>
		<content>movie</content>
		<imdb>tt1001526</imdb>
		<title>Megamind</title>
		<year>2010</year>
	</meta>
	<link>
		<sublink>search</sublink>
		<sublink>searchsd</sublink>
	</link>
	<thumbnail>http://image.tmdb.org/t/p/w500/amXAUSAUrnGuLGEyc1ZNhBvgbnF.jpg</thumbnail>
</item>

<item>
	<title>Mike's New Car </title>
	<meta>
		<content>movie</content>
		<imdb>tt0323250</imdb>
		<title>Mike's New Car</title>
		<year>2002</year>
	</meta>
	<link>
		<sublink>search</sublink>
		<sublink>searchsd</sublink>
	</link>
	<thumbnail>http://image.tmdb.org/t/p/w500/5CHjWlSuwj4W9sE5KwtDU4loX6J.jpg</thumbnail>
</item>

<item>
	<title>Minions </title>
	<meta>
		<content>movie</content>
		<imdb>tt2293640</imdb>
		<title>Minions</title>
		<year>2015</year>
	</meta>
	<link>
		<sublink>search</sublink>
		<sublink>searchsd</sublink>
	</link>
	<thumbnail>http://image.tmdb.org/t/p/w500/q0R4crx2SehcEEQEkYObktdeFy.jpg</thumbnail>\
</item>

<item>
	<title>Moana </title>
	<meta>
		<content>movie</content>
		<imdb>tt3521164</imdb>
		<title>Moana</title>
		<year>2016</year>
	</meta>
	<link>
		<sublink>search</sublink>
		<sublink>searchsd</sublink>
	</link>
	<thumbnail>http://image.tmdb.org/t/p/w500/z4x0Bp48ar3Mda8KiPD1vwSY3D8.jpg</thumbnail>
</item>

<item>
	<title>Monster Island </title>
	<meta>
		<content>movie</content>
		<imdb>tt6269658</imdb>
		<title>Monster Island</title>
		<year>2017</year>
	</meta>
	<link>
		<sublink>search</sublink>
		<sublink>searchsd</sublink>
	</link>
	<thumbnail>http://image.tmdb.org/t/p/w500/cb8dXGKhudMHyUIWWyPSvDg85pH.jpg</thumbnail>
</item>

<item>
	<title>Monsters vs Aliens </title>
	<meta>
		<content>movie</content>
		<imdb>tt0892782</imdb>
		<title>Monsters vs Aliens</title>
		<year>2009</year>
	</meta>
	<link>
		<sublink>search</sublink>
		<sublink>searchsd</sublink>
	</link>
	<thumbnail>http://image.tmdb.org/t/p/w500/8x0WrDcFQDC2eoXJe6iC34wXZE8.jpg</thumbnail>
</item>

<item>
	<title>Mr. Peabody & Sherman </title>
	<meta>
		<content>movie</content>
		<imdb>tt0864835</imdb>
		<title>Mr. Peabody & Sherman</title>
		<year>2014</year>
	</meta>
	<link>
		<sublink>search</sublink>
		<sublink>searchsd</sublink>
	</link>
	<thumbnail>http://image.tmdb.org/t/p/w500/wGRWVfhMdGIThSDld2965oUkJ5E.jpg</thumbnail>
</item>

<item>
	<title>Mulan </title>
	<meta>
		<content>movie</content>
		<imdb>tt0120762</imdb>
		<title>Mulan</title>
		<year>1998</year>
	</meta>
	<link>
		<sublink>search</sublink>
		<sublink>searchsd</sublink>
	</link>
	<thumbnail>http://image.tmdb.org/t/p/w500/vXjfMyXHixdEEkqcuWS6hy3EZAG.jpg</thumbnail>
</item>

<item>
	<title>Mulan II </title>
	<meta>
		<content>movie</content>
		<imdb>tt0279967</imdb>
		<title>Mulan II</title>
		<year>2004</year>
	</meta>
	<link>
		<sublink>search</sublink>
		<sublink>searchsd</sublink>
	</link>
	<thumbnail>http://image.tmdb.org/t/p/w500/ebuRP7g3tJlLxeejylu4Wx4Qsjv.jpg</thumbnail>
</item>

<item>
	<title>My Pet Dinosaur </title>
	<meta>
		<content>movie</content>
		<imdb>tt6055082</imdb>
		<title>My Pet Dinosaur</title>
		<year>2017</year>
	</meta>
	<link>
		<sublink>search</sublink>
		<sublink>searchsd</sublink>
	</link>
	<thumbnail>http://image.tmdb.org/t/p/w500/7PpqSMJjibR5dkqnBOGhpcz253C.jpg</thumbnail>
</item>

<item>
<title>Norm of the North </title>
<meta>
<content>movie</content>
<imdb>tt1594972</imdb>
<title>Norm of the North</title>
<year>2016</year>
</meta>
<link>
<sublink>search</sublink>
<sublink>searchsd</sublink>
</link>
<thumbnail>https://image.tmdb.org/t/p/original/qv09dxeJoNQIbalsl47yObGgcc5.jpg</thumbnail>
</item>

<item>
	<title>Open Season </title>
	<meta>
		<content>movie</content>
		<imdb>tt0400717</imdb>
		<title>Open Season</title>
		<year>2006</year>
	</meta>
	<link>
		<sublink>search</sublink>
		<sublink>searchsd</sublink>
	</link>
	<thumbnail>http://image.tmdb.org/t/p/w500/9TY3wQPNhZ60Mng0JetKEOfXqxU.jpg</thumbnail>
</item>

<item>
	<title>Open Season 2 </title>
	<meta>
		<content>movie</content>
		<imdb>tt1107365</imdb>
		<title>Open Season 2</title>
		<year>2008</year>
	</meta>
	<link>
		<sublink>search</sublink>
		<sublink>searchsd</sublink>
	</link>
	<thumbnail>http://image.tmdb.org/t/p/w500/eSofqEfR7VVk5JUCk1IX9S4vZoh.jpg</thumbnail>
</item>

<item>
	<title>Open Season 3 </title>
	<meta>
		<content>movie</content>
		<imdb>tt1646926</imdb>
		<title>Open Season 3</title>
		<year>2010</year>
	</meta>
	<link>
		<sublink>search</sublink>
		<sublink>searchsd</sublink>
	</link>
	<thumbnail>http://image.tmdb.org/t/p/w500/djxT6i7xxJWAayNQY1imB879SbC.jpg</thumbnail>\
</item>

<item>
	<title>Open Season: Scared Silly </title>
	<meta>
		<content>movie</content>
		<imdb>tt4938374</imdb>
		<title>Open Season: Scared Silly</title>
		<year>2015</year>
	</meta>
	<link>
		<sublink>search</sublink>
		<sublink>searchsd</sublink>
	</link>
	<thumbnail>http://image.tmdb.org/t/p/w500/1ma0lXsFyWYkxdLkvnwW3Y9GTrR.jpg</thumbnail>
</item>

<item>
	<title>Piglet's Big Movie </title>
	<meta>
		<content>movie</content>
		<imdb>tt0323642</imdb>
		<title>Piglet's Big Movie</title>
		<year>2003</year>
	</meta>
	<link>
		<sublink>search</sublink>
		<sublink>searchsd</sublink>
	</link>
	<thumbnail>http://image.tmdb.org/t/p/w500/gM4rWSXfPMeXorIKXNr5kuxLPkz.jpg</thumbnail>
</item>

<item>
	<title>Planes </title>
	<meta>
		<content>movie</content>
		<imdb>tt1691917</imdb>
		<title>Planes</title>
		<year>2013</year>
	</meta>
	<link>
		<sublink>search</sublink>
		<sublink>searchsd</sublink>
	</link>
	<thumbnail>http://image.tmdb.org/t/p/w500/c8ALtmmmtofVYOxSJG0S5ZcP2pF.jpg</thumbnail>
</item>

<item>
	<title>Planes: Fire & Rescue </title>
	<meta>
		<content>movie</content>
		<imdb>tt2980706</imdb>
		<title>Planes: Fire & Rescue</title>
		<year>2014</year>
	</meta>
	<link>
		<sublink>search</sublink>
		<sublink>searchsd</sublink>
	</link>
	<thumbnail>http://image.tmdb.org/t/p/w500/b5Xn7UQf7s6ZPsDTVT0NeLqiiHY.jpg</thumbnail>
</item>

<item>
<title>Pocahontas </title>
<meta>
<content>movie</content>
<imdb>tt0114148</imdb>
<title>Pocahontas</title>
<year>1995</year>
</meta>
<link>
<sublink>search</sublink>
<sublink>searchsd</sublink>
</link>
<thumbnail>https://image.tmdb.org/t/p/w396/cmK0GIn2TdcmuVlyAkK6maoHSmH.jpg</thumbnail>
</item>

<item>
	<title>Pokémon the Movie: I Choose You! </title>
	<meta>
		<content>movie</content>
		<imdb>tt6595896</imdb>
		<title>Pokémon the Movie: I Choose You!</title>
		<year>2017</year>
	</meta>
	<link>
		<sublink>search</sublink>
		<sublink>searchsd</sublink>
	</link>
	<thumbnail>http://image.tmdb.org/t/p/w500/cmpOaiRtjnhLNF2iPslMXCOcVJ.jpg</thumbnail>\
</item>

<item>
<title>Pooh's Heffalump Movie </title>
<meta>
<content>movie</content>
<imdb>tt0407121</imdb>
<title>Pooh's Heffalump Movie</title>
<year>2005</year>
</meta>
<link>
<sublink>search</sublink>
<sublink>searchsd</sublink>
</link>
<thumbnail>https://image.tmdb.org/t/p/original/ow61dkcJcfVFW2n7YpUVsMzcpk5.jpg</thumbnail>
</item>

<item>
	<title>Pup Star </title>
	<meta>
		<content>movie</content>
		<imdb>tt5449296</imdb>
		<title>Pup Star</title>
		<year>2016</year>
	</meta>
	<link>
		<sublink>search</sublink>
		<sublink>searchsd</sublink>
	</link>
	<thumbnail>http://image.tmdb.org/t/p/w500/vH2PXMTHLjRX1KkfMqFFTNfDW5b.jpg</thumbnail>
</item>

<item>
<title>Puss in Boots </title>
<meta>
<content>movie</content>
<imdb>tt0448694</imdb>
<title>Puss in Boots</title>
<year>2011</year>
</meta>
<link>
<sublink>search</sublink>
<sublink>searchsd</sublink>
</link>
<thumbnail>https://image.tmdb.org/t/p/w396/8Z3eeQOTu8VSCfp4ZYjxuJsyaXl.jpg</thumbnail>
</item>

<item>
	<title>Rango </title>
	<meta>
		<content>movie</content>
		<imdb>tt1192628</imdb>
		<title>Rango</title>
		<year>2011</year>
	</meta>
	<link>
		<sublink>search</sublink>
		<sublink>searchsd</sublink>
	</link>
	<thumbnail>http://image.tmdb.org/t/p/w500/afxRbCwwKjrWgGJtsVNs1BW1Dk5.jpg</thumbnail>
</item>

<item>
<title>Ratatouille </title>
<meta>
<content>movie</content>
<imdb>tt0382932</imdb>
<title>Ratatouille</title>
<year>2007</year>
</meta>
<link>
<sublink>search</sublink>
<sublink>searchsd</sublink>
</link>
<thumbnail>https://image.tmdb.org/t/p/w396/wbG9OoWlkZ7QRyxfvpjdWUbfREX.jpg</thumbnail>
</item>

<item>
<title>Recess: School's Out </title>
<meta>
<content>movie</content>
<imdb>tt0265632</imdb>
<title>Recess: School's Out</title>
<year>2001</year>
</meta>
<link>
<sublink>search</sublink>
<sublink>searchsd</sublink>
</link>
<thumbnail>https://image.tmdb.org/t/p/original/eclW5yA0X2A4F4qDlqJ354phBr1.jpg</thumbnail>
</item>

<item>
<title>Return to Never Land </title>
<meta>
<content>movie</content>
<imdb>tt0280030</imdb>
<title>Return to Never Land</title>
<year>2002</year>
</meta>
<link>
<sublink>search</sublink>
<sublink>searchsd</sublink>
</link>
<thumbnail>https://image.tmdb.org/t/p/original/b5IyizEBveh2ZE2SEo9O4sJ4CHi.jpg</thumbnail>
</item>

<item>
	<title>Ribbit </title>
	<meta>
		<content>movie</content>
		<imdb>tt2066048</imdb>
		<title>Ribbit</title>
		<year>2014</year>
	</meta>
	<link>
		<sublink>search</sublink>
		<sublink>searchsd</sublink>
	</link>
	<thumbnail>http://image.tmdb.org/t/p/w500/dbWbDq0heBFGbatuBEj5kkiIyQv.jpg</thumbnail>
</item>

<item>
<title>Rio </title>
<meta>
<content>movie</content>
<imdb>tt1436562</imdb>
<title>Rio</title>
<year>2011</year>
</meta>
<link>
<sublink>search</sublink>
<sublink>searchsd</sublink>
</link>
<thumbnail>https://image.tmdb.org/t/p/w396/tljxcbuC5MT4SzpwAYYYnqlQ9JC.jpg</thumbnail>
</item>

<item>
	<title>Rio 2 </title>
	<meta>
		<content>movie</content>
		<imdb>tt2357291</imdb>
		<title>Rio 2</title>
		<year>2014</year>
	</meta>
	<link>
		<sublink>search</sublink>
		<sublink>searchsd</sublink>
	</link>
	<thumbnail>http://image.tmdb.org/t/p/w500/jZcF7xZVvrX2A4qNOqeHpmtbdBT.jpg</thumbnail>
</item>

<item>
<title>Rise of the Guardians </title>
<meta>
<content>movie</content>
<imdb>tt1446192</imdb>
<title>Rise of the Guardians</title>
<year>2012</year>
</meta>
<link>
<sublink>search</sublink>
<sublink>searchsd</sublink>
</link>
<thumbnail>https://image.tmdb.org/t/p/w396/sIZr3pWcnLTjMkOaTkBrV967lTK.jpg</thumbnail>
</item>

<item>
<title>Roadside Romeo </title>
<meta>
<content>movie</content>
<imdb>tt1050739</imdb>
<title>Roadside Romeo</title>
<year>2008</year>
</meta>
<link>
<sublink>search</sublink>
<sublink>searchsd</sublink>
</link>
<thumbnail>https://image.tmdb.org/t/p/original/wKgcqkOEw8DAYldrDIQ8Uyxn6Sp.jpg</thumbnail>
</item>

<item>
<title>Robin Hood</title>
<meta>
<content>movie</content>
<imdb>tt0070608</imdb>
<title>Robin Hood</title>
<year>1973</year>
</meta>
<link>
<sublink>search</sublink>
<sublink>searchsd</sublink>
</link>
<thumbnail>https://image.tmdb.org/t/p/w396/78yFcKivWbLwlPcUOPj2A75k4Ii.jpg</thumbnail>
</item>

<item>
<title>Robots </title>
<meta>
<content>movie</content>
<imdb>tt0358082</imdb>
<title>Robots</title>
<year>2005</year>
</meta>
<link>
<sublink>search</sublink>
<sublink>searchsd</sublink>
</link>
<thumbnail>https://image.tmdb.org/t/p/w396/12n6dEayPtv7CqgbeSkznFQSKzh.jpg</thumbnail>
</item>

<item>
<title>Rudolph the Red-Nosed Reindeer: The Movie </title>
<meta>
<content>movie</content>
<imdb>tt0137201</imdb>
<title>Rudolph the Red-Nosed Reindeer: The Movie</title>
<year>1998</year>
</meta>
<link>
<sublink>search</sublink>
<sublink>searchsd</sublink>
</link>
<thumbnail>https://image.tmdb.org/t/p/w396/twZ8byxrmg5MSegiqog1v4kMUDJ.jpg</thumbnail>
</item>

<item>
	<title>Santa Paws 2: The Santa Pups </title>
	<meta>
		<content>movie</content>
		<imdb>tt2414212</imdb>
		<title>Santa Paws 2: The Santa Pups</title>
		<year>2012</year>
	</meta>
	<link>
		<sublink>search</sublink>
		<sublink>searchsd</sublink>
	</link>
	<thumbnail>http://image.tmdb.org/t/p/w500/g5uCvSkbug9PQTtbkiCKUMzKq3Z.jpg</thumbnail>
</item>

<item>
<title>Shark Tale </title>
<meta>
<content>movie</content>
<imdb>tt0307453</imdb>
<title>Shark Tale</title>
<year>2004</year>
</meta>
<link>
<sublink>search</sublink>
<sublink>searchsd</sublink>
</link>
<thumbnail>https://image.tmdb.org/t/p/w396/zSHqX4qklYrHMEcv2GiHG5UwVsz.jpg</thumbnail>
</item>

<item>
	<title>Sheep & Wolves </title>
	<meta>
		<content>movie</content>
		<imdb>tt3746824</imdb>
		<title>Sheep & Wolves</title>
		<year>2016</year>
	</meta>
	<link>
		<sublink>search</sublink>
		<sublink>searchsd</sublink>
	</link>
	<thumbnail>http://image.tmdb.org/t/p/w500/gXvTI7F5Rle0A1NHZnMHo25Smft.jpg</thumbnail>
</item>

<item>
	<title>Shrek </title>
	<meta>
		<content>movie</content>
		<imdb>tt0126029</imdb>
		<title>Shrek</title>
		<year>2001</year>
	</meta>
	<link>
		<sublink>search</sublink>
		<sublink>searchsd</sublink>
	</link>
	<thumbnail>http://image.tmdb.org/t/p/w500/140ewbWv8qHStD3mlBDvvGd0Zvu.jpg</thumbnail>
</item>

<item>
	<title>Shrek 2 </title>
	<meta>
		<content>movie</content>
		<imdb>tt0298148</imdb>
		<title>Shrek 2</title>
		<year>2004</year>
	</meta>
	<link>
		<sublink>search</sublink>
		<sublink>searchsd</sublink>
	</link>
	<thumbnail>http://image.tmdb.org/t/p/w500/akWDA0BMVYK4OTM92T5i91DYnsT.jpg</thumbnail>
</item>

<item>
	<title>Shrek Forever After </title>
	<meta>
		<content>movie</content>
		<imdb>tt0892791</imdb>
		<title>Shrek Forever After</title>
		<year>2010</year>
	</meta>
	<link>
		<sublink>search</sublink>
		<sublink>searchsd</sublink>
	</link>
	<thumbnail>http://image.tmdb.org/t/p/w500/enqVwbUu6OX5LHq0fuk7sLT35zy.jpg</thumbnail>
</item>

<item>
	<title>Shrek the Third </title>
	<meta>
		<content>movie</content>
		<imdb>tt0413267</imdb>
		<title>Shrek the Third</title>
		<year>2007</year>
	</meta>
	<link>
		<sublink>search</sublink>
		<sublink>searchsd</sublink>
	</link>
	<thumbnail>http://image.tmdb.org/t/p/w500/lA17Mlz8hXVZsW5Y3WuUa8KPilQ.jpg</thumbnail>
</item>

<item>
	<title>Sing </title>
	<meta>
		<content>movie</content>
		<imdb>tt3470600</imdb>
		<title>Sing</title>
		<year>2016</year>
	</meta>
	<link>
		<sublink>search</sublink>
		<sublink>searchsd</sublink>
	</link>
	<thumbnail>http://image.tmdb.org/t/p/w500/s9ye87pvq2IaDvjv9x4IOXVjvA7.jpg</thumbnail>
</item>

<item>
<title>Sleeping Beauty (1959)</title>
<meta>
<content>movie</content>
<imdb>tt0053285</imdb>
<title>Sleeping Beauty</title>
<year>1959</year>
</meta>
<link>
<sublink>search</sublink>
<sublink>searchsd</sublink>
</link>
<thumbnail>https://image.tmdb.org/t/p/w396/biXVl7xLv1sD9ucBEYzheuMYX8b.jpg</thumbnail>
</item>

<item>
	<title>Smurfs: The Lost Village </title>
	<meta>
		<content>movie</content>
		<imdb>tt2398241</imdb>
		<title>Smurfs: The Lost Village</title>
		<year>2017</year>
	</meta>
	<link>
		<sublink>search</sublink>
		<sublink>searchsd</sublink>
	</link>
	<thumbnail>http://image.tmdb.org/t/p/w500/diYAZ6CKUuRAqLYMB2AyVutEFm0.jpg</thumbnail>
</item>

<item>
	<title>Snow White and the Seven Dwarfs (1937)</title>
	<meta>
		<content>movie</content>
		<imdb>tt0029583</imdb>
		<title>Snow White and the Seven Dwarfs</title>
		<year>1937</year>
	</meta>
	<link>
		<sublink>search</sublink>
		<sublink>searchsd</sublink>
	</link>
	<thumbnail>http://image.tmdb.org/t/p/w500/wbVGRBYPRRahIZNGXY9TfHDUSc2.jpg</thumbnail>
</item>

<item>
	<title>Storks </title>
	<meta>
		<content>movie</content>
		<imdb>tt4624424</imdb>
		<title>Storks</title>
		<year>2016</year>
	</meta>
	<link>
		<sublink>search</sublink>
		<sublink>searchsd</sublink>
	</link>
	<thumbnail>http://image.tmdb.org/t/p/w500/5qVD5TD1CiALR5vUsMzh2BschVU.jpg</thumbnail>
</item>

<item>
<title>Strange Magic </title>
<meta>
<content>movie</content>
<imdb>tt4191054</imdb>
<title>Strange Magic</title>
<year>2015</year>
</meta>
<link>
<sublink>search</sublink>
<sublink>searchsd</sublink>
</link>
<thumbnail>https://image.tmdb.org/t/p/w396/aqlu9UT0dMiNESyx6V0H9NXS1dL.jpg</thumbnail>
</item>

<item>
	<title>Surf's Up 2: WaveMania </title>
	<meta>
		<content>movie</content>
		<imdb>tt5513260</imdb>
		<title>Surf's Up 2: WaveMania</title>
		<year>2017</year>
	</meta>
	<link>
		<sublink>search</sublink>
		<sublink>searchsd</sublink>
	</link>
	<thumbnail>http://image.tmdb.org/t/p/w500/w9UDvjElSaGd2bI5eA7hfSRf1jb.jpg</thumbnail>
</item>

<item>
	<title>Tad Jones and the Secret of King Midas </title>
	<meta>
		<content>movie</content>
		<imdb>tt3896102</imdb>
		<title>Tad Jones and the Secret of King Midas</title>
		<year>2017</year>
	</meta>
	<link>
		<sublink>search</sublink>
		<sublink>searchsd</sublink>
	</link>
	<thumbnail>http://image.tmdb.org/t/p/w500/7kz11RZuZGBodqefLrOQjslTRML.jpg</thumbnail>
</item>

<item>
	<title>Tad, the Lost Explorer </title>
	<meta>
		<content>movie</content>
		<imdb>tt1764625</imdb>
		<title>Tad, the Lost Explorer</title>
		<year>2012</year>
	</meta>
	<link>
		<sublink>search</sublink>
		<sublink>searchsd</sublink>
	</link>
	<thumbnail>http://image.tmdb.org/t/p/w500/bAY99D8aljc6byKNfF1WNiwJ32k.jpg</thumbnail>
</item>

<item>
	<title>Tangled Ever After </title>
	<meta>
		<content>movie</content>
		<imdb>tt2112281</imdb>
		<title>Tangled Ever After</title>
		<year>2012</year>
	</meta>
	<link>
		<sublink>search</sublink>
		<sublink>searchsd</sublink>
	</link>
	<thumbnail>http://image.tmdb.org/t/p/w500/p9PMuQw7FlVF5O2q2GbNpt5vt7z.jpg</thumbnail>
</item>

<item>
	<title>Tangled: Before Ever After </title>
	<meta>
		<content>movie</content>
		<imdb>tt6487064</imdb>
		<title>Tangled: Before Ever After</title>
		<year>2017</year>
	</meta>
	<link>
		<sublink>search</sublink>
		<sublink>searchsd</sublink>
	</link>
	<thumbnail>http://image.tmdb.org/t/p/w500/48biV3KlOVd8ObJCPfRsDVChvYH.jpg</thumbnail>
</item>

<item>
<title>Tarzan </title>
<meta>
<content>movie</content>
<imdb>tt0120855</imdb>
<title>Tarzan</title>
<year>1999</year>
</meta>
<link>
<sublink>search</sublink>
<sublink>searchsd</sublink>
</link>
<thumbnail>https://image.tmdb.org/t/p/w396/tWFubl9q3quYuYXBGypXXCNLE00.jpg</thumbnail>
</item>

<item>
<title>Teacher's Pet </title>
<meta>
<content>movie</content>
<imdb>tt0350194</imdb>
<title>Teacher's Pet</title>
<year>2004</year>
</meta>
<link>
<sublink>search</sublink>
<sublink>searchsd</sublink>
</link>
<thumbnail>https://image.tmdb.org/t/p/original/wQazFpBl3R4Bu7AE35cZvq0IOjr.jpg</thumbnail>
</item>

<item>
<title>The Adventures of Tintin </title>
<meta>
<content>movie</content>
<imdb>tt0983193</imdb>
<title>The Adventures of Tintin</title>
<year>2011</year>
</meta>
<link>
<sublink>search</sublink>
<sublink>searchsd</sublink>
</link>
<thumbnail>https://image.tmdb.org/t/p/w396/bDE10SyVAFEBrwI6qettdCHQjT.jpg</thumbnail>
</item>

<item>
	<title>The Angry Birds Movie </title>
	<meta>
		<content>movie</content>
		<imdb>tt1985949</imdb>
		<title>The Angry Birds Movie</title>
		<year>2016</year>
	</meta>
	<link>
		<sublink>search</sublink>
		<sublink>searchsd</sublink>
	</link>
	<thumbnail>http://image.tmdb.org/t/p/w500/t2mZzQXjpQxmqtJOPpe8Dr2YpMl.jpg</thumbnail>
</item>

<item>
<title>The Ant Bully </title>
<meta>
<content>movie</content>
<imdb>tt0429589</imdb>
<title>The Ant Bully</title>
<year>2006</year>
</meta>
<link>
<sublink>search</sublink>
<sublink>searchsd</sublink>
</link>
<thumbnail>https://image.tmdb.org/t/p/w396/tBUlwDCdvYC5aP7DzgcmDgrbfec.jpg</thumbnail>
</item>

<item>
<title>The Aristocats</title>
<meta>
<content>movie</content>
<imdb>tt0065421</imdb>
<title>The Aristocats</title>
<year>1970</year>
</meta>
<link>
<sublink>search</sublink>
<sublink>searchsd</sublink>
</link>
<thumbnail>https://image.tmdb.org/t/p/w396/jKEwHW5feriPFA0QGZsk3cjQ5T9.jpg</thumbnail>
</item>

<item>
	<title>The Boss Baby </title>
	<meta>
		<content>movie</content>
		<imdb>tt3874544</imdb>
		<title>The Boss Baby</title>
		<year>2017</year>
	</meta>
	<link>
		<sublink>search</sublink>
		<sublink>searchsd</sublink>
	</link>
	<thumbnail>http://image.tmdb.org/t/p/w500/unPB1iyEeTBcKiLg8W083rlViFH.jpg</thumbnail>
</item>

<item>
<title>The Boxtrolls </title>
<meta>
<content>movie</content>
<imdb>tt0787474</imdb>
<title>The Boxtrolls</title>
<year>2014</year>
</meta>
<link>
<sublink>search</sublink>
<sublink>searchsd</sublink>
</link>
<thumbnail>https://image.tmdb.org/t/p/w396/54F92cg4moKVShH5VKgqfDXHIl5.jpg</thumbnail>
</item>

<item>
<title>The Emperor's New Groove </title>
<meta>
<content>movie</content>
<imdb>tt0120917</imdb>
<title>The Emperor's New Groove</title>
<year>2000</year>
</meta>
<link>
<sublink>search</sublink>
<sublink>searchsd</sublink>
</link>
<thumbnail>https://image.tmdb.org/t/p/w396/w1oA9OEWjDzLbJPo575Eor9HoK5.jpg</thumbnail>
</item>

<item>
<title>The Fox and the Hound</title>
<meta>
<content>movie</content>
<imdb>tt0082406</imdb>
<title>The Fox and the Hound</title>
<year>1981</year>
</meta>
<link>
<sublink>search</sublink>
<sublink>searchsd</sublink>
</link>
<thumbnail>https://image.tmdb.org/t/p/w396/99j3UwX7h2Bfe7btonaiSWoUvtQ.jpg</thumbnail>
</item>

<item>
<title>The Fox and the Hound 2 </title>
<meta>
<content>movie</content>
<imdb>tt0465997</imdb>
<title>The Fox and the Hound 2</title>
<year>2006</year>
</meta>
<link>
<sublink>search</sublink>
<sublink>searchsd</sublink>
</link>
<thumbnail>https://image.tmdb.org/t/p/w396/2SK9VetMoTvMWxeSE8cZIlU4Ke7.jpg</thumbnail>
</item>

<item>
<title>The Good Dinosaur </title>
<meta>
<content>movie</content>
<imdb>tt1979388</imdb>
<title>The Good Dinosaur</title>
<year>2015</year>
</meta>
<link>
<sublink>search</sublink>
<sublink>searchsd</sublink>
</link>
<thumbnail>https://image.tmdb.org/t/p/w396/2ZckiMTfSkCep2JTtZbr73tnQbN.jpg</thumbnail>
</item>

<item>
<title>The Great Mouse Detective</title>
<meta>
<content>movie</content>
<imdb>tt0091149</imdb>
<title>The Great Mouse Detective</title>
<year>1986</year>
</meta>
<link>
<sublink>search</sublink>
<sublink>searchsd</sublink>
</link>
<thumbnail>https://image.tmdb.org/t/p/original/7p2ekrptHyB2qPLwVkq7vvZL7mz.jpg</thumbnail>
</item>

<item>
<title>The Hunchback of Notre Dame </title>
<meta>
<content>movie</content>
<imdb>tt0116583</imdb>
<title>The Hunchback of Notre Dame</title>
<year>1996</year>
</meta>
<link>
<sublink>search</sublink>
<sublink>searchsd</sublink>
</link>
<thumbnail>https://image.tmdb.org/t/p/w396/xS6f48xcKsRHYI4XZh2tBwLcgku.jpg</thumbnail>
</item>

<item>
	<title>The Incredibles </title>
	<meta>
		<content>movie</content>
		<imdb>tt0317705</imdb>
		<title>The Incredibles</title>
		<year>2004</year>
	</meta>
	<link>
		<sublink>search</sublink>
		<sublink>searchsd</sublink>
	</link>
	<thumbnail>http://image.tmdb.org/t/p/w500/9gBnaVySWaXulJNzR796Nd8kdje.jpg</thumbnail>
</item>

<item>
<title>The Iron Giant </title>
<meta>
<content>movie</content>
<imdb>tt0129167</imdb>
<title>The Iron Giant</title>
<year>1999</year>
</meta>
<link>
<sublink>search</sublink>
<sublink>searchsd</sublink>
</link>
<thumbnail>https://image.tmdb.org/t/p/w396/ujvIxDj4sQknluvhcbJeqYVBV5p.jpg</thumbnail>
</item>

<item>
	<title>The Jetsons & WWE: Robo-WrestleMania! </title>
	<meta>
		<content>movie</content>
		<imdb>tt6415248</imdb>
		<title>The Jetsons & WWE: Robo-WrestleMania!</title>
		<year>2017</year>
	</meta>
	<link>
		<sublink>search</sublink>
		<sublink>searchsd</sublink>
	</link>
	<thumbnail>http://image.tmdb.org/t/p/w500/f670DPuhv4OeqdlY7H8oRpnuQnX.jpg</thumbnail>\
</item>

<item>
	<title>The Jungle Book </title>
	<meta>
		<content>movie</content>
		<imdb>tt3040964</imdb>
		<title>The Jungle Book</title>
		<year>2016</year>
	</meta>
	<link>
		<sublink>search</sublink>
		<sublink>searchsd</sublink>
	</link>
	<thumbnail>http://image.tmdb.org/t/p/w500/vOipe2myi26UDwP978hsYOrnUWC.jpg</thumbnail>
</item>

<item>
	<title>The Jungle Book - The Movie </title>
	<meta>
		<content>movie</content>
		<imdb></imdb>
		<title>The Jungle Book - The Movie</title>
		<year>2013</year>
	</meta>
	<link>
		<sublink>search</sublink>
		<sublink>searchsd</sublink>
	</link>
	<thumbnail>http://image.tmdb.org/t/p/w500/hYj1FX92fHI6FKukX7ij1Z7HMaS.jpg</thumbnail>
</item>

<item>
	<title>The Jungle Book 2 </title>
	<meta>
		<content>movie</content>
		<imdb>tt0283426</imdb>
		<title>The Jungle Book 2</title>
		<year>2003</year>
	</meta>
	<link>
		<sublink>search</sublink>
		<sublink>searchsd</sublink>
	</link>
	<thumbnail>http://image.tmdb.org/t/p/w500/1RuSouDN1hiIpVQrGlkmKFpNqKd.jpg</thumbnail>
</item>

<item>
<title>The Land Before Time</title>
<meta>
<content>movie</content>
<imdb>tt0095489</imdb>
<title>The Land Before Time</title>
<year>1988</year>
</meta>
<link>
<sublink>search</sublink>
<sublink>searchsd</sublink>
</link>
<thumbnail>https://image.tmdb.org/t/p/w396/2YJayn34GLou7JXlnXWUsM4qqFe.jpg</thumbnail>
</item>

<item>
<title>The Land Before Time II: The Great Valley Adventure </title>
<meta>
<content>movie</content>
<imdb>tt0110300</imdb>
<title>The Land Before Time II: The Great Valley Adventure</title>
<year>1994</year>
</meta>
<link>
<sublink>search</sublink>
<sublink>searchsd</sublink>
</link>
<thumbnail>https://image.tmdb.org/t/p/w396/jCOqFrTiR7Cfoo95JMNGyeRAlwy.jpg</thumbnail>\
</item>

<item>
<title>The Land Before Time III: The Time of the Great Giving </title>
<meta>
<content>movie</content>
<imdb>tt0113596</imdb>
<title>The Land Before Time III: The Time of the Great Giving</title>
<year>1995</year>
</meta>
<link>
<sublink>search</sublink>
<sublink>searchsd</sublink>
</link>
<thumbnail>https://image.tmdb.org/t/p/w396/gs6TkZsUzBqDa7DV0MZbc2EAMkW.jpg</thumbnail>
</item>

<item>
<title>The Land Before Time IV: Journey Through the Mists </title>
<meta>
<content>movie</content>
<imdb>tt0116817</imdb>
<title>The Land Before Time IV: Journey Through the Mists</title>
<year>1996</year>
</meta>
<link>
<sublink>search</sublink>
<sublink>searchsd</sublink>
</link>
<thumbnail>https://image.tmdb.org/t/p/w396/k1CdeqVwh0aihQ5qLVH6eBKaBFL.jpg</thumbnail>
</item>

<item>
<title>The Land Before Time IX: Journey to the Big Water </title>
<meta>
<content>movie</content>
<imdb>tt0345543</imdb>
<title>The Land Before Time IX: Journey to the Big Water</title>
<year>2002</year>
</meta>
<link>
<sublink>search</sublink>
<sublink>searchsd</sublink>
</link>
<thumbnail>https://image.tmdb.org/t/p/w396/q5BmCAnJbISgA7JpCAPIkoyNtwC.jpg</thumbnail>
</item>

<item>
<title>The Land Before Time V: The Mysterious Island </title>
<meta>
<content>movie</content>
<imdb>tt0123950</imdb>
<title>The Land Before Time V: The Mysterious Island</title>
<year>1997</year>
</meta>
<link>
<sublink>search</sublink>
<sublink>searchsd</sublink>
</link>
<thumbnail>https://image.tmdb.org/t/p/w396/zky4X5XpwJcB0yUGYFV79URJ85i.jpg</thumbnail>
</item>

<item>
<title>The Land Before Time VI: The Secret of Saurus Rock </title>
<meta>
<content>movie</content>
<imdb>tt0167247</imdb>
<title>The Land Before Time VI: The Secret of Saurus Rock</title>
<year>1998</year>
</meta>
<link>
<sublink>search</sublink>
<sublink>searchsd</sublink>
</link>
<thumbnail>https://image.tmdb.org/t/p/w396/iPMdn1rAIciaeDhPqvRWjz2do2n.jpg</thumbnail>
</item>

<item>
<title>The Land Before Time VII: The Stone of Cold Fire </title>
<meta>
<content>movie</content>
<imdb>tt0267657</imdb>
<title>The Land Before Time VII: The Stone of Cold Fire</title>
<year>2000</year>
</meta>
<link>
<sublink>search</sublink>
<sublink>searchsd</sublink>
</link>
<thumbnail>https://image.tmdb.org/t/p/w396/nFQUwWxcjw38V8whGkaKDDn2AQ6.jpg</thumbnail>
</item>

<item>
<title>The Land Before Time VIII: The Big Freeze </title>
<meta>
<content>movie</content>
<imdb>tt0301526</imdb>
<title>The Land Before Time VIII: The Big Freeze</title>
<year>2001</year>
</meta>
<link>
<sublink>search</sublink>
<sublink>searchsd</sublink>
</link>
<thumbnail>https://image.tmdb.org/t/p/w396/sgRPCJfJyNkYqFNN3lRZW1Q1rVM.jpg</thumbnail>
</item>

<item>
<title>The Land Before Time X: The Great Longneck Migration </title>
<meta>
<content>movie</content>
<imdb>tt0378230</imdb>
<title>The Land Before Time X: The Great Longneck Migration</title>
<year>2003</year>
</meta>
<link>
<sublink>search</sublink>
<sublink>searchsd</sublink>
</link>
<thumbnail>https://image.tmdb.org/t/p/w396/mGNPlGgCg7BjA7ZYyu5AC05GhqE.jpg</thumbnail>
</item>

<item>
<title>The Land Before Time XI: Invasion of the Tinysauruses </title>
<meta>
<content>movie</content>
<imdb>tt0424228</imdb>
<title>The Land Before Time XI: Invasion of the Tinysauruses</title>
<year>2005</year>
</meta>
<link>
<sublink>search</sublink>
<sublink>searchsd</sublink>
</link>
<thumbnail>https://image.tmdb.org/t/p/w396/fhjoN9WugrfL7HRRbaL8wLvW7qS.jpg</thumbnail>
</item>

<item>
<title>The Land Before Time XII: The Great Day of the Flyers </title>
<meta>
<content>movie</content>
<imdb>tt0933064</imdb>
<title>The Land Before Time XII: The Great Day of the Flyers</title>
<year>2006</year>
</meta>
<link>
<sublink>search</sublink>
<sublink>searchsd</sublink>
</link>
<thumbnail>https://image.tmdb.org/t/p/w396/yOg9sROoMLwBafpKhc4F6MBDCC0.jpg</thumbnail>
</item>

<item>
<title>The Land Before Time XIII: The Wisdom of Friends </title>
<meta>
<content>movie</content>
<imdb>tt1139111</imdb>
<title>The Land Before Time XIII: The Wisdom of Friends</title>
<year>2007</year>
</meta>
<link>
<sublink>search</sublink>
<sublink>searchsd</sublink>
</link>
<thumbnail>https://image.tmdb.org/t/p/w396/ahcXFlcFvYZM4PXW7oj08Um5IRB.jpg</thumbnail>
</item>

<item>
	<title>The Lion King </title>
	<meta>
		<content>movie</content>
		<imdb>tt0110357</imdb>
		<title>The Lion King</title>
		<year>1994</year>
	</meta>
	<link>
		<sublink>search</sublink>
		<sublink>searchsd</sublink>
	</link>
	<thumbnail>http://image.tmdb.org/t/p/w500/bKPtXn9n4M4s8vvZrbw40mYsefB.jpg</thumbnail>
</item>

<item>
	<title>The Lion King 2: Simba's Pride </title>
	<meta>
		<content>movie</content>
		<imdb>tt0120131</imdb>
		<title>The Lion King 2: Simba's Pride</title>
		<year>1998</year>
	</meta>
	<link>
		<sublink>search</sublink>
		<sublink>searchsd</sublink>
	</link>
	<thumbnail>http://image.tmdb.org/t/p/w500/9FHNYvpltLQfpakXpMMj7RsVHqm.jpg</thumbnail>
</item>

<item>
	<title>The Lion King 3</title>
	<meta>
		<content>movie</content>
		<imdb>tt0318403</imdb>
		<title>The Lion King 3</title>
		<year>2004</year>
	</meta>
	<link>
		<sublink>search</sublink>
		<sublink>searchsd</sublink>
	</link>
	<thumbnail>http://image.tmdb.org/t/p/w500/nCSu6jqZXqbXW1HeeveMYNOU02H.jpg</thumbnail>
</item>

<item>
<title>The Little Mermaid (1989)</title>
<meta>
<content>movie</content>
<imdb>tt0097757</imdb>
<title>The Little Mermaid</title>
<year>1989</year>
</meta>
<link>
<sublink>search</sublink>
<sublink>searchsd</sublink>
</link>
<thumbnail>https://image.tmdb.org/t/p/w396/ujlSe3lhp1OKmF2LNu6wRpWbdiU.jpg</thumbnail>
</item>

<item>
<title>The Little Mermaid II: Return to the Sea </title>
<meta>
<content>movie</content>
<imdb>tt0240684</imdb>
<title>The Little Mermaid II: Return to the Sea</title>
<year>2000</year>
</meta>
<link>
<sublink>search</sublink>
<sublink>searchsd</sublink>
</link>
<thumbnail>https://image.tmdb.org/t/p/w396/bjqp9REebK6Iwu2dOBWEAs8J7nm.jpg</thumbnail>
</item>

<item>
<title>The Little Mermaid: Ariel's Beginning</title>
<meta>
<content>movie</content>
<imdb>tt0969647</imdb>
<title>The Little Mermaid: Ariel's Beginning</title>
<year>2008</year>
</meta>
<link>
<sublink>search</sublink>
<sublink>searchsd</sublink>
</link>
<thumbnail>https://image.tmdb.org/t/p/w396/mBnN8so6MG0q0i2TqtPgravPOZe.jpg</thumbnail>
</item>

<item>
<title>The Lorax </title>
<meta>
<content>movie</content>
<imdb>tt1482459</imdb>
<title>The Lorax</title>
<year>2012</year>
</meta>
<link>
<sublink>search</sublink>
<sublink>searchsd</sublink>
</link>
<thumbnail>https://image.tmdb.org/t/p/w396/6FuYtjegxaUv7n7C733hUEOQytR.jpg</thumbnail>
</item>

<item>
<title>The Many Adventures of Winnie the Pooh</title>
<meta>
<content>movie</content>
<imdb>tt0076363</imdb>
<title>The Many Adventures of Winnie the Pooh</title>
<year>1977</year>
</meta>
<link>
<sublink>search</sublink>
<sublink>searchsd</sublink>
</link>
<thumbnail>https://image.tmdb.org/t/p/original/tlMREhzwv5ireQR0H6Ym8ynuh53.jpg</thumbnail>
</item>

<item>
	<title>The Muppets</title>
	<meta>
		<content>movie</content>
		<imdb>tt1204342</imdb>
		<title>The Muppets</title>
		<year>2011</year>
	</meta>
	<link>
		<sublink>search</sublink>
		<sublink>searchsd</sublink>
	</link>
	<thumbnail>http://image.tmdb.org/t/p/w500/Ai7JRZFEXXOX7rhgfeL861zZtWv.jpg</thumbnail>
</item>

<item>
	<title>The Muppets Christmas Carol</title>
	<meta>
		<content>movie</content>
		<imdb>tt0104940</imdb>
		<title>The Muppets Christmas Carol</title>
		<year>1992</year>
	</meta>
	<link>
		<sublink>search</sublink>
		<sublink>searchsd</sublink>
	</link>
	<thumbnail>https://image.tmdb.org/t/p/w640/fe4nLJkDNXhyuMnrZ60MfoSpPes.jpg</thumbnail>
</item>


<item>
	<title>The Muppets Most Wanted</title>
	<meta>
		<content>movie</content>
		<imdb>tt2281587</imdb>
		<title>The Muppets Most Wanted</title>
		<year>2014</year>
	</meta>
	<link>
		<sublink>search</sublink>
		<sublink>searchsd</sublink>
	</link>
	<thumbnail>https://image.tmdb.org/t/p/w640/bxDby1r6WW3HyWzA9vd8uCMG9E6.jpg</thumbnail>
</item>

<item>
	<title>The Muppets Take Manhattan</title>
	<meta>
		<content>movie</content>
		<imdb>tt0087755</imdb>
		<title>The Muppets Take Manhattan</title>
		<year>1984</year>
	</meta>
	<link>
		<sublink>search</sublink>
		<sublink>searchsd</sublink>
	</link>
	<thumbnail>https://image.tmdb.org/t/p/w640/xLPAUmA5x7BGp7GAzCqET5Asjg9.jpg</thumbnail>
</item>

<item>
	<title>The Muppet Treasure Island</title>
	<meta>
		<content>movie</content>
		<imdb>tt0117110</imdb>
		<title>The Muppet Treasure Island</title>
		<year>1996</year>
	</meta>
	<link>
		<sublink>search</sublink>
		<sublink>searchsd</sublink>
	</link>
	<thumbnail>https://image.tmdb.org/t/p/w640/5A8gKzOrF9Z7tSUX6xd5dEx4NXf.jpg</thumbnail>
</item>

<item>
	<title>The Nut Job 2: Nutty by Nature</title>
	<meta>
		<content>movie</content>
		<imdb>tt3486626</imdb>
		<title>The Nut Job 2: Nutty by Nature</title>
		<year>2017</year>
	</meta>
	<link>
		<sublink>search</sublink>
		<sublink>searchsd</sublink>
	</link>
	<thumbnail>http://image.tmdb.org/t/p/w500/9FVJOUCmruekroyfsTsAKDYST80.jpg</thumbnail>
</item>

<item>
	<title>The Peanuts Movie</title>
	<meta>
		<content>movie</content>
		<imdb>tt2452042</imdb>
		<title>The Peanuts Movie</title>
		<year>2015</year>
	</meta>
	<link>
		<sublink>search</sublink>
		<sublink>searchsd</sublink>
	</link>
	<thumbnail>http://image.tmdb.org/t/p/w500/zF6WpDC7fYTx2pqUYUet06buYmB.jpg</thumbnail>
</item>

<item>
<title>The Princess and the Frog</title>
<meta>
<content>movie</content>
<imdb>tt0780521</imdb>
<title>The Princess and the Frog</title>
<year>2009</year>
</meta>
<link>
<sublink>search</sublink>
<sublink>searchsd</sublink>
</link>
<thumbnail>https://image.tmdb.org/t/p/w396/bVRHirC6uIZL9VtRqYRxdedYnOG.jpg</thumbnail>
</item>

<item>
<title>The Reluctant Dragon</title>
<meta>
<content>movie</content>
<imdb>tt0034091</imdb>
<title>The Reluctant Dragon</title>
<year>1941</year>
</meta>
<link>
<sublink>search</sublink>
<sublink>searchsd</sublink>
</link>
<thumbnail>https://image.tmdb.org/t/p/original/vg5UOLW5hAQnGCCoT5ywnEQ2AfX.jpg</thumbnail>
</item>

<item>
<title>The Rescuers</title>
<meta>
<content>movie</content>
<imdb>tt0076618</imdb>
<title>The Rescuers</title>
<year>1977</year>
</meta>
<link>
<sublink>search</sublink>
<sublink>searchsd</sublink>
</link>
<thumbnail>https://image.tmdb.org/t/p/original/46W2yCZgfhpeV1OOLeOCczoosXD.jpg</thumbnail>
</item>

<item>
<title>The Rescuers Down Under</title>
<meta>
<content>movie</content>
<imdb>tt0100477</imdb>
<title>The Rescuers Down Under</title>
<year>1990</year>
</meta>
<link>
<sublink>search</sublink>
<sublink>searchsd</sublink>
</link>
<thumbnail>https://image.tmdb.org/t/p/original/vweXLAZP6E55EaMeedndhBdXQGu.jpg</thumbnail>
</item>

<item>
<title>The Rugrats Movie</title>
<meta>
<content>movie</content>
<imdb>tt0134067</imdb>
<title>The Rugrats Movie</title>
<year>1998</year>
</meta>
<link>
<sublink>search</sublink>
<sublink>searchsd</sublink>
</link>
<thumbnail>https://image.tmdb.org/t/p/w396/sL7JLbcAbI3aeNxJI7BBhuiaR4G.jpg</thumbnail>
</item>

<item>
	<title>The Secret Life of Pets</title>
	<meta>
		<content>movie</content>
		<imdb>tt2709768</imdb>
		<title>The Secret Life of Pets</title>
		<year>2016</year>
	</meta>
	<link>
		<sublink>search</sublink>
		<sublink>searchsd</sublink>
	</link>
	<thumbnail>http://image.tmdb.org/t/p/w500/WLQN5aiQG8wc9SeKwixW7pAR8K.jpg</thumbnail>
</item>

<item>
<title>The Secret World of Arrietty</title>
<meta>
<content>movie</content>
<imdb>tt1568921</imdb>
<title>The Secret World of Arrietty</title>
<year>2010</year>
</meta>
<link>
<sublink>search</sublink>
<sublink>searchsd</sublink>
</link>
<thumbnail>https://image.tmdb.org/t/p/w396/A4w9oSNQUwtkaucy3K7LbSngKrk.jpg</thumbnail>
</item>

<item>
	<title>The Smurfs</title>
	<meta>
		<content>movie</content>
		<imdb>tt0472181</imdb>
		<title>The Smurfs</title>
		<year>2011</year>
	</meta>
	<link>
		<sublink>search</sublink>
		<sublink>searchsd</sublink>
	</link>
	<thumbnail>http://image.tmdb.org/t/p/w500/8W9L7ByduypXKD7AticK7GvGqTE.jpg</thumbnail>
</item>

<item>
	<title>The Smurfs 2</title>
	<meta>
		<content>movie</content>
		<imdb>tt2017020</imdb>
		<title>The Smurfs 2</title>
		<year>2013</year>
	</meta>
	<link>
		<sublink>search</sublink>
		<sublink>searchsd</sublink>
	</link>
	<thumbnail>http://image.tmdb.org/t/p/w500/mF2FXzZ3EktWoagU4fzoabNsK6J.jpg</thumbnail>
</item>

<item>
	<title>The Son of Bigfoot</title>
	<meta>
		<content>movie</content>
		<imdb>tt5715410</imdb>
		<title>The Son of Bigfoot</title>
		<year>2017</year>
	</meta>
	<link>
		<sublink>search</sublink>
		<sublink>searchsd</sublink>
	</link>
	<thumbnail>http://image.tmdb.org/t/p/w500/6stbYJynPLfXfe4kNLUNk9mcoD.jpg</thumbnail>
</item>

<item>
	<title>The Star</title>
	<meta>
		<content>movie</content>
		<imdb>tt4587656</imdb>
		<title>The Star</title>
		<year>2017</year>
	</meta>
	<link>
		<sublink>search</sublink>
		<sublink>searchsd</sublink>
	</link>
	<thumbnail>http://image.tmdb.org/t/p/w500/tEbDvivUfsCupngKIfMJJ725eAD.jpg</thumbnail>
</item>

<item>
<title>The Sword in the Stone</title>
<meta>
<content>movie</content>
<imdb>tt0057546</imdb>
<title>The Sword in the Stone</title>
<year>1963</year>
</meta>
<link>
<sublink>search</sublink>
<sublink>searchsd</sublink>
</link>
<thumbnail>https://image.tmdb.org/t/p/original/wZyRYmYrAWNiFhXohp4Ly8svpJH.jpg</thumbnail>
</item>

<item>
<title>The Tale of Despereaux</title>
<meta>
<content>movie</content>
<imdb>tt0420238</imdb>
<title>The Tale of Despereaux</title>
<year>2008</year>
</meta>
<link>
<sublink>search</sublink>
<sublink>searchsd</sublink>
</link>
<thumbnail>https://image.tmdb.org/t/p/w396/8Nge4rXAQzU5w9U8OvnXuuJltL9.jpg</thumbnail>
</item>

<item>
<title>The Tigger Movie</title>
<meta>
<content>movie</content>
<imdb>tt0220099</imdb>
<title>The Tigger Movie</title>
<year>2000</year>
</meta>
<link>
<sublink>search</sublink>
<sublink>searchsd</sublink>
</link>
<thumbnail>https://image.tmdb.org/t/p/original/qhiNJzT2IbK9MkMVQFr0Jk4Pj8h.jpg</thumbnail>
</item>

<item>
<title>The Trumpet Of The Swan </title>
<meta>
<content>movie</content>
<imdb>tt0206367</imdb>
<title>The Trumpet Of The Swan</title>
<year>2001</year>
</meta>
<link>
<sublink>search</sublink>
<sublink>searchsd</sublink>
</link>
<thumbnail>https://image.tmdb.org/t/p/w396/aGCgEUFmibemCD2cfQZVQKyPPG3.jpg</thumbnail>
</item>

<item>
<title>The Wild</title>
<meta>
<content>movie</content>
<imdb>tt0405469</imdb>
<title>The Wild</title>
<year>2006</year>
</meta>
<link>
<sublink>search</sublink>
<sublink>searchsd</sublink>
</link>
<thumbnail>https://image.tmdb.org/t/p/original/uxTtgh4tpSWVulXLCDqKU10cWXo.jpg</thumbnail>
</item>

<item>
<title>Thunder and the House of Magic </title>
<meta>
<content>movie</content>
<imdb>tt3148834</imdb>
<title>Thunder and the House of Magic</title>
<year>2013</year>
</meta>
<link>
<sublink>search</sublink>
<sublink>searchsd</sublink>
</link>
<thumbnail>https://image.tmdb.org/t/p/w396/unD7Hsmqw2LBRE09RUfGKjtaSdC.jpg</thumbnail>
</item>

<item>
	<title>Time Toys</title>
	<meta>
		<content>movie</content>
		<imdb>tt4815862</imdb>
		<title>Time Toys</title>
		<year>2017</year>
	</meta>
	<link>
		<sublink>search</sublink>
		<sublink>searchsd</sublink>
	</link>
	<thumbnail>http://image.tmdb.org/t/p/w500/ePXW6yJGNsV1lxBWi4okjPu1n4X.jpg</thumbnail>
</item>

<item>
	<title>Toy Story</title>
	<meta>
		<content>movie</content>
		<imdb>tt0114709</imdb>
		<title>Toy Story</title>
		<year>1995</year>
	</meta>
	<link>
		<sublink>search</sublink>
		<sublink>searchsd</sublink>
	</link>
	<thumbnail>http://image.tmdb.org/t/p/w500/rhIRbceoE9lR4veEXuwCC2wARtG.jpg</thumbnail>
</item>

<item>
	<title>Toy Story 2 </title>
	<meta>
		<content>movie</content>
		<imdb>tt0120363</imdb>
		<title>Toy Story 2</title>
		<year>1999</year>
	</meta>
	<link>
		<sublink>search</sublink>
		<sublink>searchsd</sublink>
	</link>
	<thumbnail>http://image.tmdb.org/t/p/w500/3CmK3XurcLeUyMifCR28ibzupbB.jpg</thumbnail>
</item>

<item>
	<title>Toy Story 3</title>
	<meta>
		<content>movie</content>
		<imdb>tt0435761</imdb>
		<title>Toy Story 3</title>
		<year>2010</year>
	</meta>
	<link>
		<sublink>search</sublink>
		<sublink>searchsd</sublink>
	</link>
	<thumbnail>http://image.tmdb.org/t/p/w500/mMltbSxwEdNE4Cv8QYLpzkHWTDo.jpg</thumbnail>
</item>

<item>
<title>Treasure Planet</title>
<meta>
<content>movie</content>
<imdb>tt0133240</imdb>
<title>Treasure Planet</title>
<year>2002</year>
</meta>
<link>
<sublink>search</sublink>
<sublink>searchsd</sublink>
</link>
<thumbnail>https://image.tmdb.org/t/p/w396/gFfZVblQoExIVK4PVCJ9xZZJJKy.jpg</thumbnail>
</item>

<item>
	<title>Trolls</title>
	<meta>
		<content>movie</content>
		<imdb>tt1679335</imdb>
		<title>Trolls</title>
		<year>2016</year>
	</meta>
	<link>
		<sublink>search</sublink>
		<sublink>searchsd</sublink>
	</link>
	<thumbnail>http://image.tmdb.org/t/p/w500/zKu5MNy9QW1a5ZHgv7iAp3kRZpE.jpg</thumbnail>
</item>

<item>
<title>Turbo</title>
<meta>
<content>movie</content>
<imdb>tt1860353</imdb>
<title>Turbo</title>
<year>2013</year>
</meta>
<link>
<sublink>search</sublink>
<sublink>searchsd</sublink>
</link>
<thumbnail>https://image.tmdb.org/t/p/w396/kajPlPUgobxci8ME5oqvzjN430q.jpg</thumbnail>
</item>

<item>
	<title>Up</title>
	<meta>
		<content>movie</content>
		<imdb>tt1049413</imdb>
		<title>Up</title>
		<year>2009</year>
	</meta>
	<link>
		<sublink>search</sublink>
		<sublink>searchsd</sublink>
	</link>
	<thumbnail>http://image.tmdb.org/t/p/w500/nk11pvocdb5zbFhX5oq5YiLPYMo.jpg</thumbnail>
</item>

<item>
<title>Valiant</title>
<meta>
<content>movie</content>
<imdb>tt0361089</imdb>
<title>Valiant</title>
<year>2005</year>
</meta>
<link>
<sublink>search</sublink>
<sublink>searchsd</sublink>
</link>
<thumbnail>https://image.tmdb.org/t/p/original/sqL1X8InstIQralJt78tW3yX9zj.jpg</thumbnail>
</item>

<item>
<title>WALL-E</title>
<meta>
<content>movie</content>
<imdb>tt0910970</imdb>
<title>WALL-E</title>
<year>2008</year>
</meta>
<link>
<sublink>search</sublink>
<sublink>searchsd</sublink>
</link>
<thumbnail>https://image.tmdb.org/t/p/w396/9cJETuLMc6R0bTWRA5i7ctY9bxk.jpg</thumbnail>
</item>

<item>
	<title>Wallace & Gromit in Three Amazing Adventures</title>
	<meta>
		<content>movie</content>
		<imdb></imdb>
		<title>Wallace & Gromit in Three Amazing Adventures</title>
		<year>1996</year>
	</meta>
	<link>
		<sublink>search</sublink>
		<sublink>searchsd</sublink>
	</link>
	<thumbnail>http://image.tmdb.org/t/p/w500/keFyarDPuVjls4h5MyJg5SGlJfW.jpg</thumbnail>
</item>

<item>
	<title>Who Framed Roger Rabbit</title>
	<meta>
		<content>movie</content>
		<imdb>tt0096438</imdb>
		<title>Who Framed Roger Rabbit</title>
		<year>1988</year>
	</meta>
	<link>
		<sublink>search</sublink>
		<sublink>searchsd</sublink>
	</link>
	<thumbnail>http://image.tmdb.org/t/p/w500/lYfRc57Kx9VgLZ48iulu0HKnM15.jpg</thumbnail>
</item>

<item>
<title>Winnie the Pooh</title>
<meta>
<content>movie</content>
<imdb>tt1449283</imdb>
<title>Winnie the Pooh</title>
<year>2011</year>
</meta>
<link>
<sublink>search</sublink>
<sublink>searchsd</sublink>
</link>
<thumbnail>https://image.tmdb.org/t/p/w396/dI2oQoJJ1QxDd5D1UiHfLvkoLnp.jpg</thumbnail>
</item>

<item>
	<title>Wreck-It Ralph</title>
	<meta>
		<content>movie</content>
		<imdb>tt1772341</imdb>
		<title>Wreck-It Ralph</title>
		<year>2012</year>
	</meta>
	<link>
		<sublink>search</sublink>
		<sublink>searchsd</sublink>
	</link>
	<thumbnail>http://image.tmdb.org/t/p/w500/93FsllrXXWncp7BQYTdOU1XMRXo.jpg</thumbnail>
</item>

<item>
	<title>Zootopia</title>
	<meta>
		<content>movie</content>
		<imdb>tt2948356</imdb>
		<title>Zootopia</title>
		<year>2016</year>
	</meta>
	<link>
		<sublink>search</sublink>
		<sublink>searchsd</sublink>
	</link>
	<thumbnail>http://image.tmdb.org/t/p/w500/sM33SANp9z6rXW8Itn7NnG1GOEs.jpg</thumbnail>
</item>
</xml>