<xml>
   <dir>
    <title>Trending Movies</title>
    <trakt>https://api.trakt.tv/movies/trending</trakt>
    <thumbnail></thumbnail>
    <summary>Trending Movies</summary>
  </dir>

  <dir>
    <title>Popular Movies</title>
    <trakt>https://api.trakt.tv/movies/popular</trakt>
    <thumbnail></thumbnail>
    <summary>Popular Movies</summary>
  </dir>

  <dir>
    <title>Trending TV Shows</title>
    <trakt>https://api.trakt.tv/shows/trending</trakt>
    <thumbnail></thumbnail>
    <summary>Trending TV Shows</summary>
  </dir>

  <dir>
    <title>Popular TV Shows</title>
    <trakt>https://api.trakt.tv/shows/popular</trakt>
    <thumbnail></thumbnail>
    <summary>Popular TV Shows</summary>
  </dir>

  <dir>
    <title>Collected TV Shows</title>
    <trakt>https://api.trakt.tv/shows/collected/weekly</trakt>
    <thumbnail></thumbnail>
    <summary>Collected TV Shows</summary>
  </dir>

  <dir>
      <title>My lists</title>
      <trakt>https://api.trakt.tv/users/me/lists/</trakt>
      <thumbnail></thumbnail>
      <summary>Your Trakt Lists</summary>
  </dir>

  <dir>
      <title>My Liked Lists</title>
      <trakt>https://api.trakt.tv/users/likes/lists</trakt>
      <thumbnail></thumbnail>
      <summary>Your Liked Lists</summary>
  </dir>
  </xml>