<xml>
<dir>
<title>On-Air this Week</title>
<tmdb>tv/on_the_air</tmdb>
</dir>

<dir>
<title>Popular Tv Shows</title>
<tmdb>tv/popular</tmdb>
</dir>

<dir>
<title>Tv Shows (RD)</title>
<tv_shows>All</tv_shows>
</dir>

<dir>
<title>Trending Tv Shows</title>
<trakt>https://api.trakt.tv/shows/trending</trakt>
</dir>

<dir>
<title>Top Rated Tv Shows</title>
<tmdb>tv/top_rated</tmdb>
</dir>

<dir>
<title>Tv Show Genre</title>
<link>file://Tv/Tv Genre.xml</link>
<thumbnail></thumbnail>
</dir>

<dir>
<title>Best of British</title>
<tmdb>list/39760</tmdb>
</dir>

<dir>
<title>Retro Tv</title>
<link>https://pastebin.com/raw/9d1juHye</link>
<thumbnail></thumbnail>
</dir>

<dir>
<title>Search</title>
<link>file://Main/Search.xml</link>
<thumbnail></thumbnail>
</dir>
</xml>