<xml>
 
<dir>
<title>Classic Movie Picks A - E</title>
<link>file://Movie/Movies A - E.xml</link>
<thumbnail></thumbnail>
</dir>
 
<dir>
<title>Classic Movie Picks  F - L</title>
<link>file://Movie/Movies F - L.xml</link>
<thumbnail></thumbnail>
</dir>
 
<dir>
<title>Classic Movie Picks M - S</title>
<link>file://Movie/Movies M - S.xml</link>
<thumbnail></thumbnail>
</dir>
 
<dir>
<title>Classic Movie Picks  T - Z</title>
<link>file://Movie/Movies T - Z.xml</link>
<thumbnail></thumbnail>
</dir>

<dir>
<title>KIds Collection</title>
<link>file://Movie/Kids.xml</link>
<thumbnail></thumbnail>
</dir>
 
<dir>
<title>Horror Movies Collections</title>
<link>file://Movie/Horror Collections.xml</link>
<thumbnail></thumbnail>
<fanart></fanart>
</dir>
 
<dir>
<title>Movie Collections</title>
<link>file://Movie/Movie Collections.xml</link>
<thumbnail></thumbnail>
<fanart></fanart>
</dir>
 
 
</xml>