<xml>
 
<dir>
<title>Classic Movie Picks A - E</title>
<link>file://Movie/Movies A - E.xml</link>
<thumbnail></thumbnail>
</dir>
 
<dir>
<title>Classic Movie Picks  F - L</title>
<link>file://Movie/Movies F - L.xml</link>
<thumbnail></thumbnail>
</dir>
 
<dir>
<title>Classic Movie Picks M - S</title>
<link>file://Movie/Movies M - S.xml</link>
<thumbnail></thumbnail>
</dir>
 
<dir>
<title>Classic Movie Picks  T - Z</title>
<link>file://Movie/Movies T - Z.xml</link>
<thumbnail></thumbnail>
</dir>

 
</xml>