<xml>
<dir>
<title>2019 Movies</title>
<imdburl>years/2019</imdburl>
</dir>

<dir>
<title>2018 Movies</title>
<imdburl>years/2018</imdburl>
</dir>

<dir>
<title>2017 Movies</title>
<imdburl>years/2017</imdburl>
</dir>

<dir>
<title>2016 Movies</title>
<imdburl>years/2016</imdburl>
</dir>

<dir>
<title>2015 Movies</title>
<imdburl>years/2015</imdburl>
</dir>

<dir>
<title>2014 Movies</title>
<imdburl>years/2014</imdburl>
</dir>

<dir>
<title>2013 Movies</title>
<imdburl>years/2013</imdburl>
</dir>

<dir>
<title>2012 Movies</title>
<imdburl>years/2012</imdburl>
</dir>

<dir>
<title>2011 Movies</title>
<imdburl>years/2011</imdburl>
</dir>

<dir>
<title>2010 Movies</title>
<imdburl>years/2010</imdburl>
</dir>

<dir>
<title>2009 Movies</title>
<imdburl>years/2009</imdburl>
</dir>

<dir>
<title>2008 Movies</title>
<imdburl>years/2008</imdburl>
</dir>

<dir>
<title>2007 Movies</title>
<imdburl>years/2007</imdburl>
</dir>

<dir>
<title>2006 Movies</title>
<imdburl>years/2006</imdburl>
</dir>

<dir>
<title>2005 Movies</title>
<imdburl>years/2005</imdburl>
</dir>

<dir>
<title>2004 Movies</title>
<imdburl>years/2004</imdburl>
</dir>

<dir>
<title>2003 Movies</title>
<imdburl>years/2003</imdburl>
</dir>

<dir>
<title>2002 Movies</title>
<imdburl>years/2002</imdburl>
</dir>

<dir>
<title>2001 Movies</title>
<imdburl>years/2001</imdburl>
</dir>

<dir>
<title>2000 Movies</title>
<imdburl>years/2000</imdburl>
</dir>
</xml>