<xml>
<dir>
  <title>IMDB 100 Top Rated Movies Of All Time</title>
  <imdburl>http://www.imdb.com/search/title?groups=top_100</imdburl>
  <thumbnail></thumbnail>
  <fanart></fanart>
</dir>

<dir>
  <title>IMDB 250 Top Rated Movies Of All Time</title>
  <imdburl>http://www.imdb.com/search/title?groups=top_250</imdburl>
  <thumbnail></thumbnail>
  <fanart></fanart>
</dir>

<dir>
  <title>IMDB Movies To See Before You Die</title>
  <imdburl>list/ls000207697</imdburl>
  <thumbnail></thumbnail>
  <fanart></fanart>
</dir>

<dir>
  <title>IMDB Most Popular Horror Movies</title>
  <imdburl>http://www.imdb.com/search/title?title_type=feature&genres=horror</imdburl>
  <thumbnail></thumbnail>
  <fanart></fanart>
</dir>

<dir>
<title>IMDB Top 100 Horror Movies</title>
<imdburl>list/ls052621803</imdburl>
</dir>

<dir>
  <title>IMDB Most Popular Action Movies</title>
  <imdburl>http://www.imdb.com/search/title?title_type=feature&genres=action</imdburl>
  <thumbnail></thumbnail>
  <fanart></fanart>
</dir>

<dir>
<title>IMDB Top 100 Action Movies</title>
<imdburl>list/ls009668579</imdburl>
</dir>

<dir>
  <title>IMDB Most Popular Comedy Movies</title>
  <imdburl>http://www.imdb.com/search/title?title_type=feature&genres=comedy</imdburl>
  <thumbnail></thumbnail>
  <fanart></fanart>
</dir>

<dir>
  <title>IMDB Most Popular Sci-Fi Movies</title>
  <imdburl>http://www.imdb.com/search/title?title_type=feature&genres=sci_fi</imdburl>
  <thumbnail></thumbnail>
  <fanart></fanart>
</dir>

<dir>
  <title>IMDB Most Popular Crime Movies</title>
  <imdburl>http://www.imdb.com/search/title?title_type=feature&genres=crime</imdburl>
  <thumbnail></thumbnail>
  <fanart></fanart>
</dir>

<dir>
  <title>IMDB Most Popular Fantasy Movies</title>
  <imdburl>http://www.imdb.com/search/title?title_type=feature&genres=fantasy</imdburl>
  <thumbnail></thumbnail>
  <fanart></fanart>
</dir>

<dir>
  <title>IMDB Most Popular Family Movies</title>
  <imdburl>http://www.imdb.com/search/title?title_type=feature&genres=family</imdburl>
  <thumbnail></thumbnail>
  <fanart></fanart>
</dir>

<dir>
  <title>IMDB Most Popular Animated Movies</title>
  <imdburl>http://www.imdb.com/search/title?title_type=feature&genres=animation</imdburl>
  <thumbnail></thumbnail>
  <fanart></fanart>
</dir>

<dir>
  <title>IMDB Most Popular Film Noir</title>
  <imdburl>http://www.imdb.com/search/title?genres=film_noir</imdburl>
  <thumbnail></thumbnail>
  <fanart></fanart>
</dir>

<dir>
  <title>IMDB Most Popular Musicals</title>
  <imdburl>http://www.imdb.com/search/title?title_type=feature&genres=musical</imdburl>
  <thumbnail></thumbnail>
  <fanart></fanart>
</dir>

<dir>
  <title>IMDB Most Popular Westerns</title>
  <imdburl>http://www.imdb.com/search/title?title_type=feature&genres=western</imdburl>
  <thumbnail></thumbnail>
  <fanart></fanart>
</dir>

<dir>
  <title>IMDB Most Popular Biography</title>
  <imdburl>http://www.imdb.com/search/title?title_type=feature&genres=biography</imdburl>
  <thumbnail></thumbnail>
  <fanart></fanart>
</dir>

<dir>
  <title>IMDB Most Popular Sports Movies</title>
  <imdburl>http://www.imdb.com/search/title?title_type=feature&genres=sport</imdburl>
  <thumbnail></thumbnail>
  <fanart></fanart>
</dir>

<dir>
  <title>IMDB Oscar Winners</title>
  <imdburl>http://www.imdb.com/search/title?groups=oscar_winner</imdburl>
  <thumbnail></thumbnail>
  <fanart></fanart>
</dir>

<dir>
  <title>IMDB Top Animated Movies Of All Time</title>
  <imdburl>http://www.imdb.com/search/title?title_type=feature&genres=animation</imdburl>
  <thumbnail></thumbnail>
  <fanart></fanart>
</dir>
<xml>