<?xml version="1.0" encoding="UTF-8" standalone="yes"?>
<addon id="script.module.fenomscrapers" name="FenomScrapers Module" version="1.0.8" provider-name="Mr-Kodi">
	<requires>
		<import addon="xbmc.python" version="2.25.0" />
		<import addon="script.module.beautifulsoup4" />
		<import addon="script.module.requests" />
		<import addon="script.module.myaccounts" version="1.0.0" />
	</requires>
	<extension point="xbmc.python.pluginsource" library="lib/default.py">
		<provides>executable</provides>
	</extension> 
	<extension point="xbmc.service" library="lib/service.py" start="startup" />
	<extension point="xbmc.python.module" library="lib" /> <!-- Must be placed after xbmc.python.pluginsource, otherwise the addon does not show in the repository. -->
	<extension point="xbmc.addon.metadata">
		<reuselanguageinvoker>false</reuselanguageinvoker> 
		<summary lang="en">FenomScrapers Module</summary>
		<description>Scrape common video host for URL's to be playable in Kodi, simplifying addon development of video plugins requiring multi video hosts.</description>
		<platform>all</platform>
		<license>GNU GENERAL PUBLIC LICENSE. Version 3, 29 June 2007</license>
		<forum></forum>
		<website>https://github.com/Mr-Kodi/repository.fenomscrapers</website>
		<source>https://github.com/Mr-Kodi/repository.fenomscrapers</source>
		<disclaimer lang="en">The author is not responsible for the use of this addon. The author is not responsible for the content found using this addon. The author does not host or own any content found within this addon.[CR]The author is in no way affiliated with Kodi, Team Kodi, or the XBMC Foundation.[CR]This is a Non-profit resource, organized solely for educational purposes which is protected under the Fair-Use doctrine of the Copyright Act, Specifically section 107, which does promote freedom of expression, by permitting the unlicensed use of copyright-protected works.</disclaimer>
		<assets>
			<icon>icon.png</icon>
			<fanart></fanart>
			<screenshot></screenshot>
		</assets>
		<news>
[B][COLOR red]Update - v1.0.8 – Oct. 12, 2020[/COLOR][/B]
[COLOR yellow]--[/COLOR][I] Filter tweaks for better alias title matching.[/I]
[COLOR yellow]--[/COLOR][I] Switched piratebay(pack files only), torrentapi,
    and torrentgalaxy(movies and pack files) to now
    use imdb_id for query.[/I]
[COLOR yellow]--[/COLOR][I] Fixed ext.to retreives random ".\." in magnet
    hash.[/I]
[COLOR yellow]--[/COLOR][I] Fixed eztv title query for meta titles containing
    dashes.[/I]
[COLOR yellow]--[/COLOR][I] Updated cfscrape to v1.2.48.[/I]
		</news>
	</extension>
</addon>