{

  "32024": "bob_fanart.jpg",
  "32025":"bob_fanart.jpg",
  "32026":"bob_fanart.jpg",
  "32027":"bob_fanart.jpg",
  "32020":"bob_fanart.jpg",
  "32021":"bob_fanart.jpg",
  "32022":"bob_fanart.jpg",
  "32028":"bob_fanart.jpg",
  "32029":"bob_fanart.jpg",
  "32030":"bob_fanart.jpg",
  "32031":"bob_fanart.jpg",
  "32032":"bob_fanart.jpg",
  "32033":"bob_fanart.jpg",
  "32034":"bob_fanart.jpg",
  "32309":"bob_fanart.jpg",
  
  "32295":"bob_fanart.jpg",
  "32036":"bob_fanart.jpg",
  "32037":"bob_fanart.jpg",
  "32038":"bob_fanart.jpg",
  "32039":"bob_fanart.jpg",
  "32040":"bob_fanart.jpg",
  "32041":"bob_fanart.jpg",
  "32042":"bob_fanart.jpg",
  "32043":"bob_fanart.jpg",
  "32044":"bob_fanart.jpg",
  "32045":"bob_fanart.jpg",
  "32046":"bob_fanart.jpg",
  "32047":"bob_fanart.jpg",
  "32023":"bob_fanart.jpg",
  "32012":"bob_fanart.jpg",
  "32013":"bob_fanart.jpg",
  "32014":"bob_fanart.jpg",
  "32015":"bob_fanart.jpg",
  "32016":"bob_fanart.jpg",
  "32017":"bob_fanart.jpg",
  "32018":"bob_fanart.jpg",
  "32019":"bob_fanart.jpg"
  
 
  

}