<xml>
<dir>
<title>Movies</title>
<link>file://Movie/Movies.xml</link>
<thumbnail></thumbnail>
</dir>
 
<dir>
<title>Tv Shows</title>
<link>file://Tv/Tv Shows.xml</link>
<thumbnail></thumbnail>
</dir>

<dir>
<title>Kids</title>
<link>file://Kids/Kids.xml</link>
<thumbnail></thumbnail>
</dir>
 
<dir>
<title>My Trakt</title>
<link>file://Main/Trakt.xml</link>
<thumbnail></thumbnail>
</dir>
 
<dir>
<title>Search</title>
<link>file://Main/Search.xml</link>
<thumbnail></thumbnail>
<fanart></fanart>
</dir>

<dir>
<title>18+</title>
<link>file://Adult/Adult.xml</link>
<thumbnail>https://archive.org/download/Sports_201712/xxx.png</thumbnail>
</dir>
 
<dir>
<title>Settings</title>
<link>file://Main/Settings.xml</link>
<thumbnail></thumbnail>
</dir>
 
<dir>
 <title>News/Info</title>
 <link>message(https://pastebin.com/raw/BUNwunwd)</link>
 <thumbnail></thumbnail>
</dir>
 
<plugin>
<title>Testings</title>
<link>plugin://plugin.video.projectx/?action=developer</link>
<thumbnail></thumbnail>
</plugin>
</xml>
