<?xml version="1.0" encoding="UTF-8"?>
    <addon id="repository.Streetwise" name="Streetwise Repo" version="2.5" provider-name="Streetwise">
        <requires>
            <import addon="xbmc.addon" version="12.0.0"/>
        </requires>
        <extension point="xbmc.addon.repository" name="Streetwise Repo">
            <info compressed="false">https://github.com/Streetwise007/Streetwise/raw/master/_repo/addons.xml</info>
            <checksum>https://github.com/Streetwise007/Streetwise/raw/master/_repo/addons.xml.md5</checksum>
            <datadir zip="true">https://github.com/Streetwise007/Streetwise/raw/master/_repo/</datadir>
            <hashes>false</hashes>          		
        </extension>
        <extension point="xbmc.addon.metadata">
            <summary>Streetwise Repsitory</summary>
            <description>Download and keep upto date with Streetwise Add-ons</description>
            <platform>all</platform>
			</extension>
    </addon>