<?xml version="1.0" encoding="UTF-8" standalone="yes"?>
<addon id="plugin.video.shadow"                                                                                                                                    
       name="Shadow"                                                 
       version="2.5.3"                                                                                                                                        
       provider-name="Darkness">
  <requires>
        <import addon="script.module.resolveurl" />
  </requires>
  <extension point="xbmc.python.pluginsource"
            library="default.py">
        <provides>video</provides>
  </extension>
  <extension point="xbmc.addon.metadata">
    <summary lang="en">The single light in the Darkness</summary>
    <description lang="en">All the media as fast as possible</description>
    
    <platform>all</platform>
    <assets>
            <icon>icon.png</icon>
            <fanart>fanart.jpg</fanart>
    </assets>
  </extension>
  
</addon>
