<xml>
<dir>
<title>Amateur</title>
<fxxxmovies>fxmtag/amateur</fxxxmovies>
<thumbnail></thumbnail>
</dir>
 
 
<dir>
<title>Anal Bashing</title>
<fxxxmovies>fxmtag/anal</fxxxmovies>
<thumbnail></thumbnail>
</dir>
 
 
<dir>
<title>Asian</title>
<fxxxmovies>fxmtag/asian</fxxxmovies>
<thumbnail></thumbnail>
</dir>
 
 
<dir>
<title>BBC</title>
<fxxxmovies>fxmtag/bbc</fxxxmovies>
<thumbnail></thumbnail>
</dir>
 
 
<dir>
<title>Big Ass</title>
<fxxxmovies>fxmtag/big-ass</fxxxmovies><thumbnail></thumbnail>
</dir>
 
 
<dir>
<title>Big Dick</title>
<fxxxmovies>fxmtag/big-dick</fxxxmovies>
<thumbnail></thumbnail>
</dir>
 
 
<dir>
<title>Big Tits</title>
<fxxxmovies>fxmtag/big-tits</fxxxmovies>
<thumbnail></thumbnail>
</dir> 
 
 
<dir>
<title>Blonde</title>
<fxxxmovies>fxmtag/blonde</fxxxmovies>
<thumbnail></thumbnail>
</dir>
 
 
<dir>
<title>Blowjob Queens</title>
<fxxxmovies>fxmtag/blowjobs</fxxxmovies>
<thumbnail></thumbnail>
</dir>
 
 
<dir>
<title>British</title>
<fxxxmovies>fxmtag/british</fxxxmovies>
<thumbnail></thumbnail>
</dir>
 
 
<dir>
<title>Brunette</title>
<fxxxmovies>fxmtag/brunette</fxxxmovies>
<thumbnail></thumbnail>
</dir>
 
 
<dir>
<title>Cartoon</title>
<fxxxmovies>fxmtag/cartoon</fxxxmovies>
<thumbnail></thumbnail>
</dir>
 
 
<dir>
<title>Casting</title>
<fxxxmovies>fxmtag/casting</fxxxmovies>
<thumbnail></thumbnail>
</dir>
 
 
<dir>
<title>Couples</title>
<fxxxmovies>fxmtag/couple</fxxxmovies>
<thumbnail></thumbnail>
</dir>
 
 
<dir>
<title>Cream Pie</title>
<fxxxmovies>fxmtag/cream-pie</fxxxmovies>
<thumbnail></thumbnail>
</dir>
 
 
<dir>
<title>Cuckold</title>
<fxxxmovies>fxmtag/cuckold</fxxxmovies>
<thumbnail></thumbnail>
</dir>
 
 
<dir>
<title>Cumshots</title>
<fxxxmovies>fxmtag/cumshots</fxxxmovies>
<thumbnail></thumbnail>
</dir>
 
 
<dir>
<title>Czech</title>
<fxxxmovies>fxmtag/czech</fxxxmovies>
<thumbnail></thumbnail>
</dir>
 
 
<dir>
<title>Deep Throat</title>
<fxxxmovies>fxmtag/deep-throat</fxxxmovies>
<thumbnail></thumbnail>
</dir>
 
 
<dir>
<title>Double Penetration</title>
<fxxxmovies>fxmtag/double-penetration</fxxxmovies>
<thumbnail></thumbnail>
</dir>
 
 
<dir>
<title>Ebony</title>
<fxxxmovies>fxmtag/ebony</fxxxmovies>
<thumbnail></thumbnail>
</dir>
 
 
<dir>
<title>Foot Fetish</title>
<fxxxmovies>fxmtag/foot-fetish</fxxxmovies>
<thumbnail></thumbnail>
</dir>
 
 
<dir>
<title>Gang Bang</title>
<fxxxmovies>fxmtag/gang-bang</fxxxmovies>
<thumbnail></thumbnail>
</dir>
 
 
<dir>
<title>German</title>
<fxxxmovies>fxmtag/german</fxxxmovies>
<thumbnail></thumbnail>
</dir>
 
 
<dir>
<title>Girlfriend</title>
<fxxxmovies>fxmtag/girlfriend</fxxxmovies>
<thumbnail></thumbnail>
</dir>
 
 
<dir>
<title>Glamcore</title>
<fxxxmovies>fxmtag/glamcore</fxxxmovies>
<thumbnail></thumbnail>
</dir>
 
 
<dir>
<title>Group Sex</title>
<fxxxmovies>fxmtag/group-sex</fxxxmovies>
<thumbnail></thumbnail>
</dir>
 
 
<dir>
<title>Hairy</title>
<fxxxmovies>fxmtag/hairy</fxxxmovies>
<thumbnail></thumbnail>
</dir>
 
 
<dir>
<title>Handjobs</title>
<fxxxmovies>fxmtag/handjobs</fxxxmovies>
<thumbnail></thumbnail>
</dir>
 
 
<dir>
<title>Hardcore</title>
<fxxxmovies>fxmtag/hardcore</fxxxmovies>
<thumbnail></thumbnail>
</dir>
 
 
<dir>
<title>HD Porn</title>
<fxxxmovies>fxmtag/hd</fxxxmovies>
<thumbnail></thumbnail>
</dir>
 
 
<dir>
<title>Hentai</title>
<fxxxmovies>fxmtag/hentai</fxxxmovies>
<thumbnail></thumbnail>
</dir>
 
 
<dir>
<title>Interracial</title>
<fxxxmovies>fxmtag/interracial</fxxxmovies>
<thumbnail></thumbnail>
</dir>
 
 
<dir>
<title>Japanese</title>
<fxxxmovies>fxmtag/japanese</fxxxmovies>
<thumbnail></thumbnail>
</dir>
 
 
<dir>
<title>Latin</title>
<fxxxmovies>fxmtag/latin</fxxxmovies>
<thumbnail></thumbnail>
</dir>
 
 
<dir>
<title>Lesbian</title>
<fxxxmovies>fxmtag/lesbian</fxxxmovies>
<thumbnail></thumbnail>
</dir>
 
 
<dir>
<title>Lingerie</title>
<fxxxmovies>fxmtag/lingerie</fxxxmovies>
<thumbnail></thumbnail>
</dir>
 
 
<dir>
<title>Massage</title>
<fxxxmovies>fxmtag/massage</fxxxmovies>
<thumbnail></thumbnail>
</dir>
 
 
<dir>
<title>Masturbation</title>
<fxxxmovies>fxmtag/masturbation</fxxxmovies>
<thumbnail></thumbnail>
</dir>
 
 
<dir>
<title>Milf R Us</title>
<fxxxmovies>fxmtag/milf</fxxxmovies>
<thumbnail></thumbnail>
</dir>
 
 
<dir>
<title>Old And Young</title>
<fxxxmovies>fxmtag/old-and-young</fxxxmovies>
<thumbnail></thumbnail>
</dir>
 
 
<dir>
<title>Orgasms</title>
<fxxxmovies>fxmtag/orgasm</fxxxmovies>
<thumbnail></thumbnail>
</dir>
 
 
<dir>
<title>Orgy</title>
<fxxxmovies>fxmtag/orgy</fxxxmovies>
<thumbnail></thumbnail>
</dir>
 
 
<dir>
<title>Parody</title>
<fxxxmovies>fxmtag/parody</fxxxmovies>
<thumbnail></thumbnail>
</dir>
 
 
<dir>
<title>Pov</title>
<fxxxmovies>fxmtag/pov</fxxxmovies>
<thumbnail></thumbnail>
</dir>
 
 
<dir>
<title>Public</title>
<fxxxmovies>fxmtag/public</fxxxmovies>
<thumbnail></thumbnail>
</dir>
 
 
<dir>
<title>Redheads</title>
<fxxxmovies>fxmtag/redheads</fxxxmovies>
<thumbnail></thumbnail>
</dir>
 
 
<dir>
<title>Russian</title>
<fxxxmovies>fxmtag/russian</fxxxmovies>
<thumbnail></thumbnail>
</dir>
 
 
<dir>
<title>Schoolgirl</title>
<fxxxmovies>fxmtag/schoolgirl</fxxxmovies>
<thumbnail></thumbnail>
</dir>
 
 
<dir>
<title>Spanish Porn</title>
<fxxxmovies>fxmtag/spanish-porn</fxxxmovies> 
<thumbnail></thumbnail>
</dir>
 
 
<dir>
<title>Squirting</title>
<fxxxmovies>fxmtag/Squirting</fxxxmovies>
<thumbnail></thumbnail>
</dir>
 
 
<dir>
<title>Tattoo</title>
<fxxxmovies>fxmtag/tattoo</fxxxmovies>
<thumbnail></thumbnail>
</dir>
 
 
<dir>
<title>Teen</title>
<fxxxmovies>fxmtag/teen</fxxxmovies>
<thumbnail></thumbnail>
</dir>
 
 
<dir>
<title>Threesome</title>
<fxxxmovies>fxmtag/threesome</fxxxmovies>
<thumbnail></thumbnail>
</dir>
 
 
<dir>
<title>Toy Play</title>
<fxxxmovies>fxmtag/toys</fxxxmovies>
<thumbnail></thumbnail>
</dir>
 
 
<dir>
<title>Uniform</title>
<fxxxmovies>fxmtag/uniform</fxxxmovies>
<thumbnail></thumbnail>
</dir>
 
 
<dir>
<title>Webcams</title>
<fxxxmovies>fxmtag/webcams</fxxxmovies>
<thumbnail></thumbnail>
</dir>
</xml>