﻿<?xml version="1.0" encoding="UTF-8" standalone="yes"?>
<addon id="plugin.video.projectx" name="Project X" version="3.0.2" provider-name="Streetwise">
    <requires>
        <import addon="xbmc.python" version="2.19.0" />
		<import addon="repository.projectx" />
        <import addon="script.module.universalscrapers" version="1.0.0" />
        <import addon="script.module.python.koding.aio" version="0.9.6.6" />
        <import addon="script.module.beautifulsoup" version="3.2.1" />
        <import addon="script.module.requests" version="2.9.1" />
        <import addon="script.module.addon.common" version="2.0.0" />
        <import addon="script.module.xmltodict" version="0.9.0" />
        <import addon="script.module.dateutil" />
        <!--<import addon="script.module.web-pdb" version="1.0"/>-->
        <import addon="script.module.resolveurl" />
        <!--<import addon="script.module.urlresolver" />-->
    </requires>
    <extension point="xbmc.python.pluginsource" library="default.py">
        <provides>video</provides>
    </extension>
    <extension point="xbmc.service" library="service.py" start="[login|startup]" />
    <extension point="xbmc.addon.metadata">
       <summary lang="en">Streetwise Official Add-on</summary>
        <description lang="en">Powered By Jen - Movies, Tv Shows and More - Real Debrid will get best results - You will need your own Real Debrid Account.  </description>		
		<platform>all</platform>
        <website></website>
		<source></source>
		<video_guide></video_guide>	    
		<reuselanguageinvoker>false</reuselanguageinvoker>
    </extension>
</addon>
