<?xml version="1.0" encoding="UTF-8"?>
<?xml-stylesheet href="hide-it.xsl" type="text/xsl"?>
<layouttype>Go Away Nosey</layoutype>
<!----   DO NOT EDIT ABOVE THIS LINE!!!  BASIC OBFUSCATION METHODS!!!-->

<xml>
  <dir>
  <title>Movies</title>
  <link>file://movies.json</link>
  <thumbnail></thumbnail>
  </dir>
 
  
   <dir>
    <title>Tv Shows</title>
    <link>file://tvshows.json</link>
	<thumbnail></thumbnail>
	<fanart></fanart>
  </dir>
 

  <dir>
   <title>Settings</title>
   <link>file://settings.json</link>
   <thumbnail></thumbnail>
  </dir>


</xml>
