<xml>
 <dir>
<title>Crossfit</title>
<link>https://pastebin.com/raw/fnTZ0mg8</link>
<thumbnail></thumbnail>
</dir>

<dir>
<title>Sports</title>
<link>https://pastebin.com/raw/mbmGJFcE</link>
<thumbnail></thumbnail>
</dir>

<dir>
<title>I Am Strong</title>
<link>https://pastebin.com/raw/y6fzVkqQ</link>
<thumbnail></thumbnail>
</dir>

<dir>
<title>Ladies Fight Night</title>
<link>https://pastebin.com/raw/hjgL1Q9R</link>
<thumbnail></thumbnail>
</dir>

<dir>
<title>Games & Gadgets</title>
<link>https://pastebin.com/raw/5uQy5Hq7</link>
<thumbnail></thumbnail>
</dir>

<dir>
<title>Behind the Scenes</title>
<link>https://pastebin.com/raw/HRwXvynJ</link>
<thumbnail></thumbnail>
</dir>

<dir>
<title>Man at Arms</title>
<link>https://pastebin.com/raw/RN0NnRTb</link>
<thumbnail></thumbnail>
</dir>

<dir>
<title>Magic Secrets Revealed</title>
<link>https://pastebin.com/raw/3f5uZcHE</link>
<thumbnail></thumbnail>
</dir>

<dir>
<title>KidsTube</title>
<link>https://pastebin.com/raw/MKSt3LME</link>
<thumbnail></thumbnail>
</dir>

<dir>
<title>Just for Fun</title>
<link>https://pastebin.com/raw/BvWkLr29</link>
<thumbnail></thumbnail>
</dir>

</xml>