{
    "items": [
	
	   {
            "type": "dir",
            "thumbnail": "https://archive.org/download/Projectx_icon_201712/icon.jpg",
            "title":  "One Click Movies",
            "Home": "season|Movies|appVFTPvRFwgEPdbF|movies"
        },
	    {
            "type": "dir",
            "title": "Latest Movies",
            "link": "tmdb/year/movie/2022"
	    },	
        {
            "type": "dir",
            "title": "Now Playing Movies",
            "link": "tmdb/movie/now_playing"
        },
        {
            "type": "dir",
            "title": "Popular Movies",
            "link": "tmdb/movie/popular"
        },
		  {
            "type": "dir",
            "title": "Search Movies",
            "link": "tmdb/search/movie"
        },
        {
            "type": "dir",
            "title": "Top Rated Movies",
            "link": "tmdb/movie/top_rated"
        },
        {
            "type": "dir",
            "title": "Upcoming Movies",
            "link": "tmdb/movie/upcoming"
        },
       
		{
            "type": "dir",
            "title": "Movies Genre",
            "link": "file://movie_genres.json"
        },
       {
            "type": "dir",
            "title": "Top 250 Movies List",
            "link": "tmdb/list/634"
        },
        {
            "type": "dir",
            "title": "More Movies",
            "link": "file://Movie/Movies.xml"
        }
       
    ]
}