{
    "items": [
        {
            "type": "dir",
            "title": "Action & Adventure",
            "link": "tmdb/genre/tv/10759",
            "thumbnail": "https://pbs.twimg.com/profile_images/1243623122089041920/gVZIvphd_400x400.jpg"
        },
        {
            "type": "dir",
            "title": "Animation",
            "link": "tmdb/genre/tv/16",
            "thumbnail": "https://pbs.twimg.com/profile_images/1243623122089041920/gVZIvphd_400x400.jpg"
        },
        {
            "type": "dir",
            "title": "Comedy",
            "link": "tmdb/genre/tv/35",
            "thumbnail": "https://pbs.twimg.com/profile_images/1243623122089041920/gVZIvphd_400x400.jpg"
        },
        {
            "type": "dir",
            "title": "Crime",
            "link": "tmdb/genre/tv/80",
            "thumbnail": "https://pbs.twimg.com/profile_images/1243623122089041920/gVZIvphd_400x400.jpg"
        },
        {
            "type": "dir",
            "title": "Documentary",
            "link": "tmdb/genre/tv/99",
            "thumbnail": "https://pbs.twimg.com/profile_images/1243623122089041920/gVZIvphd_400x400.jpg"
        },
        {
            "type": "dir",
            "title": "Drama",
            "link": "tmdb/genre/tv/18",
            "thumbnail": "https://pbs.twimg.com/profile_images/1243623122089041920/gVZIvphd_400x400.jpg"
        },
        {
            "type": "dir",
            "title": "Family",
            "link": "tmdb/genre/tv/10751",
            "thumbnail": "https://pbs.twimg.com/profile_images/1243623122089041920/gVZIvphd_400x400.jpg"
        },
        {
            "type": "dir",
            "title": "Kids",
            "link": "tmdb/genre/tv/10762",
            "thumbnail": "https://pbs.twimg.com/profile_images/1243623122089041920/gVZIvphd_400x400.jpg"
        },
        {
            "type": "dir",
            "title": "Mystery",
            "link": "tmdb/genre/tv/9648",
            "thumbnail": "https://pbs.twimg.com/profile_images/1243623122089041920/gVZIvphd_400x400.jpg"
        },
        {
            "type": "dir",
            "title": "News",
            "link": "tmdb/genre/tv/10763",
            "thumbnail": "https://pbs.twimg.com/profile_images/1243623122089041920/gVZIvphd_400x400.jpg"
        },
        {
            "type": "dir",
            "title": "Reality",
            "link": "tmdb/genre/tv/10764",
            "thumbnail": "https://pbs.twimg.com/profile_images/1243623122089041920/gVZIvphd_400x400.jpg"
        },
        {
            "type": "dir",
            "title": "Sci-Fi & Fantasy",
            "link": "tmdb/genre/tv/10765",
            "thumbnail": "https://pbs.twimg.com/profile_images/1243623122089041920/gVZIvphd_400x400.jpg"
        },
        {
            "type": "dir",
            "title": "Soap",
            "link": "tmdb/genre/tv/10766",
            "thumbnail": "https://pbs.twimg.com/profile_images/1243623122089041920/gVZIvphd_400x400.jpg"
        },
        {
            "type": "dir",
            "title": "Talk",
            "link": "tmdb/genre/tv/10767",
            "thumbnail": "https://pbs.twimg.com/profile_images/1243623122089041920/gVZIvphd_400x400.jpg"
        },
        {
            "type": "dir",
            "title": "War & Politics",
            "link": "tmdb/genre/tv/10768",
            "thumbnail": "https://pbs.twimg.com/profile_images/1243623122089041920/gVZIvphd_400x400.jpg"
        },
        {
            "type": "dir",
            "title": "Western",
            "link": "tmdb/genre/tv/37",
            "thumbnail": "https://pbs.twimg.com/profile_images/1243623122089041920/gVZIvphd_400x400.jpg"
        }
    ]
}