<xml>
<dir>
<title>On-Air this Week</title>
<tmdb>tv/on_the_air</tmdb>
</dir>

<dir>
<title>Popular Tv Shows</title>
<tmdb>tv/popular</tmdb>
</dir>

<dir>
<title>Trending Tv Shows</title>
<trakt>https://api.trakt.tv/shows/trending</trakt>
</dir>

<dir>
<title>Top Rated Tv Shows</title>
<tmdb>tv/top_rated</tmdb>
</dir>

<dir>
<name>Networks</name>
<link>https://pastebin.com/raw/E2rYtxQM</link>
<thumbnail></thumbnail>
<fanart></fanart>
</dir>

<dir>
<title>Best of British</title>
<tmdb>list/39760</tmdb>
</dir>

<dir>
<name>British Networks</name>
<link>https://pastebin.com/raw/PyR22xxU</link>
<thumbnail></thumbnail>
<fanart></fanart>
</dir>

<dir>
<name>Uk Tv OnDemand</name>
<link>https://pastebin.com/raw/DD3Q7yiA</link>
<thumbnail></thumbnail>
<fanart></fanart>
</dir>

<dir>
<name>Retro Tv</name>
<link>https://pastebin.com/raw/9d1juHye</link>
<thumbnail></thumbnail>
<fanart></fanart>
</dir>

<dir>
<name>Retro Toons</name>
<link>https://pastebin.com/raw/5Uh8evmw</link>
<thumbnail></thumbnail>
<fanart></fanart>
</dir>

<dir>
<name>Tv Show Genre</name>
<link>https://pastebin.com/raw/Z9025z9r</link>
<thumbnail></thumbnail>
<fanart></fanart>
</dir>

<dir>
<title>Search</title>
<tmdb>search</tmdb>
</dir>
</xml>