<?xml version="1.0" encoding="UTF-8"?>
    <addon id="repository.projectx" name="Project X Repo" version="2.0" provider-name="Mr X">
        <requires>
            <import addon="xbmc.addon" version="12.0.0"/>
        </requires>
        <extension point="xbmc.addon.repository" name="Project X Repo">
            <info compressed="false">https://github.com/926712/Repo/raw/master/_repo/addons.xml</info>
            <checksum>https://github.com/926712/Repo/raw/master/_repo/addons.xml.md5</checksum>
            <datadir zip="true">https://github.com/926712/Repo/raw/master/_repo/</datadir>
            <hashes>false</hashes>
        </extension>
        <extension point="xbmc.addon.metadata">
            <summary></summary>
            <description>Project X</description>
            <platform>all</platform>
            <genre>movies,Tv</genre>
        </extension>
    </addon>