<xml>
<item>
  <title>Mad Max</title>
  <meta>
   <content>movie</content>
   <imdb>tt0079501</imdb>
   <title>Mad Max</title>
   <year>1979</year>
  </meta>
  <link>
  <sublink>search</sublink>
  </link>
  <thumbnail>https://images-na.ssl-images-amazon.com/images/M/MV5BMTM4Mjg5ODEzMV5BMl5BanBnXkFtZTcwMDc3NDk0NA@@._V1_SY1000_CR0,0,666,1000_AL_.jpg</thumbnail>
 </item>
 
<item>
  <title>Mad Max The Road Warrior</title>
  <meta>
   <content>movie</content>
   <imdb>tt0082694</imdb>
   <title>Mad Max The Road Warrior</title>
   <year>1981</year>
  </meta>
  <link>
  <sublink>search</sublink>
  </link>
  <thumbnail>https://images-na.ssl-images-amazon.com/images/M/MV5BN2VlNjNhZWQtMTY2OC00Y2E1LWJkNGUtMDU4M2ViNzliMGYwXkEyXkFqcGdeQXVyNTAyODkwOQ@@._V1_SY1000_CR0,0,661,1000_AL_.jpg</thumbnail>
 </item>
 
<item>
  <title>Mad Max Beyond Thunderdome</title>
  <meta>
   <content>movie</content>
   <imdb>tt0089530</imdb>
   <title>Mad Max Beyond Thunderdome</title>
   <year>1985</year>
  </meta>
  <link>
  <sublink>search</sublink>
  </link>
  <thumbnail>https://images-na.ssl-images-amazon.com/images/M/MV5BMmI4YWEyNTItZTFiMS00YzY4LWE2ZjYtNGRlNmZhNjRmOWVkXkEyXkFqcGdeQXVyNjc1NTYyMjg@._V1_SY1000_CR0,0,657,1000_AL_.jpg</thumbnail>
 </item>
 
<item>
    <title>Mad Max: Fury Road</title>
    <meta>
        <content>movie</content>
        <imdb>tt1392190</imdb>
        <title>Mad Max: Fury Road</title>
        <year>2014</year>
    </meta>
    <link>
    <sublink>search</sublink>
    </link>
    <thumbnail>https://image.tmdb.org/t/p/w1280/kqjL17yufvn9OVLyXYpvtyrFfak.jpg</thumbnail>
</item>
 
<item>
  <title>Man on Fire</title>
  <meta>
   <content>movie</content>
   <imdb>tt0328107</imdb>
   <title>Man on Fire</title>
   <year>2004</year>
  </meta>
  <link>
  <sublink>search</sublink>
  </link>
  <thumbnail>https://images-na.ssl-images-amazon.com/images/M/MV5BODFlMmEwMDgtYjhmZi00ZTE5LTk2NWQtMWE1Y2M0NjkzOGYxXkEyXkFqcGdeQXVyNjU0OTQ0OTY@._V1_SY1000_CR0,0,679,1000_AL_.jpg</thumbnail>
 </item>
 
<item>
  <title>Memphis Belle</title>
  <meta>
   <content>movie</content>
   <imdb>/tt0100133</imdb>
   <title>Memphis Belle</title>
   <year>1990</year>
  </meta>
  <link>
  <sublink>search</sublink>
  <sublink>searchsd</sublink>
  </link>
  <thumbnail>https://images-na.ssl-images-amazon.com/images/M/MV5BNzFjZTI0YTgtMzk3OS00ODZiLTliMTMtNTc3NWViMWExM2I1L2ltYWdlXkEyXkFqcGdeQXVyNjQzNDI3NzY@._V1_.jpg</thumbnail>
 </item>
 
<item>
  <title>Minority Report</title>
  <meta>
   <content>movie</content>
   <imdb>tt0181689</imdb>
   <title>Minority Report</title>
   <year>2002</year>
  </meta>
  <link>
  <sublink>search</sublink>
  <sublink>searchsd</sublink>
  </link>
  <thumbnail>https://images-na.ssl-images-amazon.com/images/M/MV5BMDgzNDk3ZDctYTUxMC00MDQzLWI1MTctMmQxYWE0MGUzYzIxXkEyXkFqcGdeQXVyNTIzOTk5ODM@._V1_SY1000_CR0,0,675,1000_AL_.jpg</thumbnail>
 </item>
 
<item>
  <title>Mission: Impossible</title>
  <meta>
   <content>movie</content>
   <imdb>tt0117060</imdb>
   <title>Mission: Impossible</title>
   <year>1996</year>
  </meta>
  <link>
  <sublink>search</sublink>
  </link>
  <thumbnail>https://images-na.ssl-images-amazon.com/images/M/MV5BMTc3NjI2MjU0Nl5BMl5BanBnXkFtZTgwNDk3ODYxMTE@._V1_SY1000_CR0,0,675,1000_AL_.jpg</thumbnail>
 </item>
 
<item>
  <title>Mission: Impossible II</title>
  <meta>
   <content>movie</content>
   <imdb>tt0120755</imdb>
   <title>Mission: Impossible II</title>
   <year>2000</year>
  </meta>
  <link>
  <sublink>search</sublink>
  </link>
  <thumbnail>https://images-na.ssl-images-amazon.com/images/M/MV5BN2RkYWVkZDQtNTMxMi00NWQ4LWE2ODctNmQzOWM2NjQzYzdlXkEyXkFqcGdeQXVyMjUzOTY1NTc@._V1_.jpg</thumbnail>
 </item>
<item>
  <title>Mission: Impossible III</title>
  <meta>
   <content>movie</content>
   <imdb></imdb>
   <title>Mission: Impossible III</title>
   <year>2006</year>
  </meta>
  <link>
  <sublink>search</sublink>
  </link>
  <thumbnail>https://images-na.ssl-images-amazon.com/images/M/MV5BOThhNTA1YjItYzk2Ny00M2Y1LWJlYWUtZDQyZDU0YmY5Y2M5XkEyXkFqcGdeQXVyNjU0OTQ0OTY@._V1_SY1000_CR0,0,673,1000_AL_.jpg</thumbnail>
 </item>
 
<item>
  <title>Mission: Impossible - Ghost Protocol</title>
  <meta>
   <content>movie</content>
   <imdb>tt1229238</imdb>
   <title>Mission: Impossible - Ghost Protocol</title>
   <year></year>
  </meta>
  <link>
  <sublink>search</sublink>
  </link>
  <thumbnail>https://images-na.ssl-images-amazon.com/images/M/MV5BMTY4MTUxMjQ5OV5BMl5BanBnXkFtZTcwNTUyMzg5Ng@@._V1_SY1000_CR0,0,675,1000_AL_.jpg</thumbnail>
 </item>
 
<item>
  <title>Mission: Impossible - Rogue Nation</title>
  <meta>
   <content>movie</content>
   <imdb>tt2381249</imdb>
   <title>Mission: Impossible - Rogue Nation</title>
   <year>2015</year>
  </meta>
  <link>
  <sublink>search</sublink>
  </link>
  <thumbnail>https://images-na.ssl-images-amazon.com/images/M/MV5BOTFmNDA3ZjMtN2Y0MC00NDYyLWFlY2UtNTQ4OTQxMmY1NmVjXkEyXkFqcGdeQXVyNTg4NDQ4NDY@._V1_SY1000_CR0,0,651,1000_AL_.jpg</thumbnail>
 </item>
<item>
  <title>Mission: Impossible - Fallout</title>
  <meta>
   <content>movie</content>
   <imdb>tt4912910</imdb>
   <title>Mission: Impossible - Fallout</title>
   <year>2018</year>
  </meta>
  <link>
  <sublink>search</sublink>
  </link>
  <thumbnail>https://m.media-amazon.com/images/M/MV5BNjRlZmM0ODktY2RjNS00ZDdjLWJhZGYtNDljNWZkMGM5MTg0XkEyXkFqcGdeQXVyNjAwMjI5MDk@._V1_SY1000_CR0,0,639,1000_AL_.jpg</thumbnail>
 </item>
<item>
    <title>National Treasure</title>
    <meta>
        <content>movie</content>
        <imdb>tt0368891</imdb>
        <title>National Treasure</title>
        <year>2004</year>
    </meta>
    <link>
    <sublink>search</sublink>
    </link>
    <thumbnail>https://images-na.ssl-images-amazon.com/images/M/MV5BMTY3NTc4OTYxMF5BMl5BanBnXkFtZTcwMjk5NzUyMw@@._V1_SY1000_CR0,0,674,1000_AL_.jpg</thumbnail>
</item>
 
<item>
    <title>National Treasure: Book of Secrets</title>
    <meta>
        <content>movie</content>
        <imdb>tt0465234</imdb>
        <title>National Treasure: Book of Secrets</title>
        <year>2007</year>
    </meta>
    <link>
    <sublink>search</sublink>
    </link>
    <thumbnail>https://images-na.ssl-images-amazon.com/images/M/MV5BMTU2NTM3NjU1N15BMl5BanBnXkFtZTcwODg1MDU1MQ@@._V1_.jpg</thumbnail>
</item>
 
<item>
  <title>Natural Born Killers</title>
  <meta>
   <content>movie</content>
   <imdb>tt0110632</imdb>
   <title>Natural Born Killers</title>
   <year>1994</year>
  </meta>
  <link>
  <sublink>search</sublink>
  </link>
  <thumbnail>https://images-na.ssl-images-amazon.com/images/M/MV5BMTI2NTU2Nzc0MV5BMl5BanBnXkFtZTcwMzY1OTM2MQ@@._V1_.jpg</thumbnail>
 </item>
 
<item>
  <title>Need for Speed</title>
  <meta>
   <content>movie</content>
   <imdb>tt2369135</imdb>
   <title>Need for Speed</title>
   <year>2014</year>
  </meta>
  <link>
  <sublink>search</sublink>
  </link>
  <thumbnail>https://images-na.ssl-images-amazon.com/images/M/MV5BMTQ3ODY4NzYzOF5BMl5BanBnXkFtZTgwNjI3OTE4MDE@._V1_SY1000_CR0,0,674,1000_AL_.jpg</thumbnail>
 </item>
 
<item>
    <title>Patriots Day</title>
    <meta>
        <content>movie</content>
        <imdb>tt4572514</imdb>
        <title>Patriots Day</title>
        <year>2016</year>
    </meta>
    <link>
    <sublink>search</sublink>
    </link>
    <thumbnail>https://images-na.ssl-images-amazon.com/images/M/MV5BODYxMDc0NTg2Nl5BMl5BanBnXkFtZTgwNjY0NDYzOTE@._V1_SY1000_CR0,0,666,1000_AL_.jpg</thumbnail>
</item>
 
<item>
  <title>Pearl Harbor</title>
  <meta>
   <content>movie</content>
   <imdb>tt0213149</imdb>
   <title>Pearl Harbor</title>
   <year>2001</year>
  </meta>
  <link>
  <sublink>search</sublink>
  </link>
  <thumbnail>https://images-na.ssl-images-amazon.com/images/M/MV5BMTQ3MDc0MDc1NF5BMl5BanBnXkFtZTYwODI1ODY2._V1_.jpg</thumbnail>
 </item>

<item>
  <title>Pirates of the Caribbean: The Curse of the Black Pearl</title>
  <meta>
   <content>movie</content>
   <imdb>tt0325980</imdb>
   <title>Pirates of the Caribbean: The Curse of the Black Pearl</title>
   <year>2003</year>
  </meta> 
  <link>
  <sublink>search</sublink>
  <sublink>searchsd</sublink>
  </link>
  <thumbnail>https://images-na.ssl-images-amazon.com/images/M/MV5BNGYyZGM5MGMtYTY2Ni00M2Y1LWIzNjQtYWUzM2VlNGVhMDNhXkEyXkFqcGdeQXVyMTMxODk2OTU@._V1_.jpg</thumbnail>
 </item>

<item>
  <title>Pirates of the Caribbean: Dead Man's Chest</title>
  <meta>
   <content>movie</content>
   <imdb>tt0383574</imdb>
   <title>Pirates of the Caribbean: Dead Man's Chest</title>
   <year>2006</year>
  </meta> 
  <link>
  <sublink>search</sublink>
  <sublink>searchsd</sublink>
  </link>
  <thumbnail>https://images-na.ssl-images-amazon.com/images/M/MV5BMTcwODc1MTMxM15BMl5BanBnXkFtZTYwMDg1NzY3._V1_.jpg</thumbnail>
 </item>

<item>
  <title>Pirates of the Caribbean: At World's End</title>
  <meta>
   <content>movie</content>
   <imdb>tt0449088</imdb>
   <title>Pirates of the Caribbean: At World's End</title>
   <year>2007</year>
  </meta> 
  <link>
  <sublink>search</sublink>
  <sublink>searchsd</sublink>
  </link>
  <thumbnail>https://images-na.ssl-images-amazon.com/images/M/MV5BMjIyNjkxNzEyMl5BMl5BanBnXkFtZTYwMjc3MDE3._V1_.jpg</thumbnail>
 </item>

<item>
  <title>Pirates of the Caribbean: On Stranger Tides</title>
  <meta>
   <content>movie</content>
   <imdb>tt1298650</imdb>
   <title>Pirates of the Caribbean: On Stranger Tides</title>
   <year>2011</year>
  </meta> 
  <link>
  <sublink>search</sublink>
  <sublink>searchsd</sublink>
  </link>
  <thumbnail>https://images-na.ssl-images-amazon.com/images/M/MV5BMjE5MjkwODI3Nl5BMl5BanBnXkFtZTcwNjcwMDk4NA@@._V1_SY1000_CR0,0,675,1000_AL_.jpg</thumbnail>
 </item>

 <item>
  <title>Pirates of the Caribbean: Dead Men Tell No Tales</title>
  <meta>
   <content>movie</content>
   <imdb>tt1790809</imdb>
   <title>Pirates of the Caribbean: Dead Men Tell No Tales</title>
   <year>2017</year>
  </meta> 
  <link>
  <sublink>search</sublink>
  <sublink>searchsd</sublink>
  </link>
  <thumbnail>https://images-na.ssl-images-amazon.com/images/M/MV5BMTYyMTcxNzc5M15BMl5BanBnXkFtZTgwOTg2ODE2MTI@._V1_SY1000_CR0,0,674,1000_AL_.jpg</thumbnail>
 </item>
 
<item>
  <title>Planet of the Apes</title>
  <meta>
   <content>movie</content>
   <imdb>tt0133152</imdb>
   <title>Planet of the Apes</title>
   <year>2001</year>
  </meta>
  <link>
  <sublink>search</sublink>
  </link>
  <thumbnail>https://images-na.ssl-images-amazon.com/images/M/MV5BY2RlMDhlY2MtMjQ1Zi00NzI5LTgxOTgtZjliNWMzYTY3NWZkL2ltYWdlL2ltYWdlXkEyXkFqcGdeQXVyMTQxNzMzNDI@._V1_SY1000_CR0,0,666,1000_AL_.jpg</thumbnail>
 </item>
 
<item>
  <title>Rise of the Planet of the Apes</title>
  <meta>
   <content>movie</content>
   <imdb>tt1318514</imdb>
   <title>Rise of the Planet of the Apes</title>
   <year>2011</year>
  </meta>
  <link>
  <sublink>search</sublink>
  </link>
  <thumbnail>https://images-na.ssl-images-amazon.com/images/M/MV5BYzE3ZmNlZTctMDdmNy00MjMzLWFmZmYtN2M5N2YyYTQ1ZDJjXkEyXkFqcGdeQXVyNTAyODkwOQ@@._V1_SY1000_SX676_AL_.jpg</thumbnail>
 </item>
 
<item>
  <title>Dawn of the Planet of the Apes</title>
  <meta>
   <content>movie</content>
   <imdb>tt2103281</imdb>
   <title>Dawn of the Planet of the Apes</title>
   <year></year>
  </meta>
  <link>
  <sublink>search</sublink>
  </link>
  <thumbnail>https://images-na.ssl-images-amazon.com/images/M/MV5BMTgwODk3NDc1N15BMl5BanBnXkFtZTgwNTc1NjQwMjE@._V1_SY1000_SX675_AL_.jpg</thumbnail>
 </item>
 
<item>
  <title>War for the Planet of the Apes</title>
  <meta>
   <content>movie</content>
   <imdb>tt3450958</imdb>
   <title>War for the Planet of the Apes</title>
   <year>2017</year>
  </meta>
  <link>
  <sublink>search</sublink>
  </link>
  <thumbnail>https://images-na.ssl-images-amazon.com/images/M/MV5BNDNmYTQzMDEtMmY0MS00OTNjLTk4MjItMDZhMzkzOGI3MzA0XkEyXkFqcGdeQXVyNjk5NDA3OTk@._V1_.jpg</thumbnail>
 </item>
 
<item>
  <title>Predator</title>
  <meta>
   <content>movie</content>
   <imdb>tt0093773</imdb>
   <title>Predator</title>
   <year>1987</year>
  </meta>
  <link>
  <sublink>search</sublink>
  </link>
  <thumbnail>https://images-na.ssl-images-amazon.com/images/M/MV5BY2QwYmFmZTEtNzY2Mi00ZWMyLWEwY2YtMGIyNGZjMWExOWEyXkEyXkFqcGdeQXVyNjUwNzk3NDc@._V1_SY1000_CR0,0,671,1000_AL_.jpg</thumbnail>
 </item>
<item>
  <title>Predator 2</title>
  <meta>
   <content>movie</content>
   <imdb>tt0100403</imdb>
   <title>Predator 2</title>
   <year>1990</year>
  </meta>
  <link>
  <sublink>search</sublink>
  </link>
  <thumbnail>https://images-na.ssl-images-amazon.com/images/M/MV5BNThjZjI4NTgtZDk4Mi00ZjI1LWExZGUtNTRkOWY1ZTY3M2FlXkEyXkFqcGdeQXVyMTQxNzMzNDI@._V1_.jpg</thumbnail>
 </item>
 <item>
    <title>The Predator</title>
    <meta>
    <imdb>tt3829266</imdb>
    <content>movie</content>
    <title>The Predator</title>
    <year>2018</year>
    </meta>
    <link>
    <sublink>search</sublink>
    </link>
    <thumbnail>https://image.tmdb.org/t/p/w1280/wMq9kQXTeQCHUZOG4fAe5cAxyUA.jpg</thumbnail>
</item>
<item>
  <title>Pumping Iron</title>
  <meta>
   <content>movie</content>
   <imdb>tt0076578</imdb>
   <title>Pumping Iron</title>
   <year></year>
  </meta>
  <link>
  <sublink>search</sublink>
  </link>
  <thumbnail>https://images-na.ssl-images-amazon.com/images/M/MV5BMTg2OTIwNTQ2OF5BMl5BanBnXkFtZTcwNTA4NDAwMQ@@._V1_.jpg</thumbnail>
 </item>
 
<item>
    <title>Pulp Fiction</title>
    <meta>
        <content>movie</content>
        <imdb>tt0110912</imdb>
        <title>Pulp Fiction</title>
        <year>1994</year>
    </meta>
    <link>
    <sublink>search</sublink>
    </link>
    <thumbnail>https://images-na.ssl-images-amazon.com/images/M/MV5BMTkxMTA5OTAzMl5BMl5BanBnXkFtZTgwNjA5MDc3NjE@._V1_SY1000_CR0,0,673,1000_AL_.jpg</thumbnail>
</item>
 
<item>
    <title>Unbreakable</title>
    <meta>
        <content>movie</content>
        <imdb>tt0217869</imdb>
        <title>Unbreakable</title>
        <year>2000</year>
    </meta>
    <link>
    <sublink>search</sublink>
    </link>
    <thumbnail>https://images-na.ssl-images-amazon.com/images/M/MV5BMDIwMjAxNzktNmEzYS00ZDY5LWEyZjktM2Y0MmUzZDkyYmZkXkEyXkFqcGdeQXVyNTA4NzY1MzY@._V1_SX676_CR0,0,676,999_AL_.jpg</thumbnail>
</item>

 <item>
  <title>Universal Soldier</title>
  <meta>
  <content>movie</content>
  <imdb>tt0105698</imdb>
  <title>Universal Soldier</title>
  <year>1992</year>
  </meta> 
  <link>
  <sublink></sublink>
  <sublink>search</sublink>
  <sublink>searchsd</sublink>
  </link>
  <thumbnail>https://images-na.ssl-images-amazon.com/images/M/MV5BNTFkNjBhOWItOGYzNy00ZTQ5LWE2MWUtMWQxNWE5ZTY0OWQ0XkEyXkFqcGdeQXVyNDc2NjEyMw@@._V1_SY1000_CR0,0,677,1000_AL_.jpg</thumbnail>
 </item>

<item>
  <title>Raiders of the Lost Ark</title>
  <meta>
   <content>movie</content>
   <imdb>tt0082971</imdb>
   <title>Raiders of the Lost Ark</title>
   <year>1981</year>
  </meta>
  <link>
  <sublink>search</sublink>
  </link>
  <thumbnail>https://images-na.ssl-images-amazon.com/images/M/MV5BMjA0ODEzMTc1Nl5BMl5BanBnXkFtZTcwODM2MjAxNA@@._V1_SY1000_CR0,0,664,1000_AL_.jpg</thumbnail>
 </item>
 
 <item>
  <title>Indiana Jones and the Temple of Doom</title>
  <meta>
   <content>movie</content>
   <imdb>tt0087469</imdb>
   <title>Indiana Jones and the Temple of Doom</title>
   <year>1984</year>
  </meta>
  <link>
  <sublink>search</sublink>
  </link>
  <thumbnail>https://images-na.ssl-images-amazon.com/images/M/MV5BMTMyNzI4OTA5OV5BMl5BanBnXkFtZTcwMDQ2MjAxNA@@._V1_SY1000_CR0,0,660,1000_AL_.jpg</thumbnail>
 </item>
 
 <item>
  <title>Indiana Jones and the Last Crusade</title>
  <meta>
   <content>movie</content>
   <imdb>tt0097576</imdb>
   <title>Indiana Jones and the Last Crusade</title>
   <year>1989</year>
  </meta>
  <link>
  <sublink>search</sublink>
  </link>
  <thumbnail>https://images-na.ssl-images-amazon.com/images/M/MV5BMjNkMzc2N2QtNjVlNS00ZTk5LTg0MTgtODY2MDAwNTMwZjBjXkEyXkFqcGdeQXVyNDk3NzU2MTQ@._V1_SY1000_CR0,0,678,1000_AL_.jpg</thumbnail>
 </item>
 
 <item>
  <title>Indiana Jones and the Kingdom of the Crystal Skull</title>
  <meta>
   <content>movie</content>
   <imdb>tt0367882</imdb>
   <title>Indiana Jones and the Kingdom of the Crystal Skull</title>
   <year>2008</year>
  </meta>
  <link>
  <sublink></sublink>
  <sublink>search</sublink>
  </link>
  <thumbnail>https://images-na.ssl-images-amazon.com/images/M/MV5BMTIxNDUxNzcyMl5BMl5BanBnXkFtZTcwNTgwOTI3MQ@@._V1_.jpg</thumbnail>
 </item>
 
<item>
    <title>Rain Man</title>
    <meta>
        <content>movie</content>
        <imdb>tt0095953</imdb>
        <title>Rain Man</title>
        <year>1988</year>
    </meta>
    <sublink>search</sublink>
    </link>
    <thumbnail>https://images-na.ssl-images-amazon.com/images/M/MV5BMzVjNzI4NzYtMjE4NS00M2IzLWFkOWMtOTYwMWUzN2ZlNGVjL2ltYWdlL2ltYWdlXkEyXkFqcGdeQXVyMTQxNzMzNDI@._V1_.jpg</thumbnail>
</item>
 
<item>
    <title>Rambo: First Blood</title>
    <meta>
        <content>movie</content>
        <imdb>tt0083944</imdb>
        <title>First Blood</title>
        <year>1982</year>
    </meta>
    <link>
    <sublink>search</sublink>
    </link>
    <thumbnail>https://images-na.ssl-images-amazon.com/images/M/MV5BODBmOWU2YWMtZGUzZi00YzRhLWJjNDAtYTUwNWVkNDcyZmU5XkEyXkFqcGdeQXVyNDk3NzU2MTQ@._V1_SY1000_CR0,0,666,1000_AL_.jpg</thumbnail>
</item>
 
<item>
    <title>Rambo: First Blood Part II</title>
    <meta>
        <content>movie</content>
        <imdb>tt0089880</imdb>
        <title>Rambo: First Blood Part II</title>
        <year>1985</year>
    </meta>
    <link>
    <sublink>search</sublink>
    </link>
    <thumbnail>https://images-na.ssl-images-amazon.com/images/M/MV5BZWFkY2I1ZDAtNmZhNS00NjVlLWJiMGQtMGQ1ZmM0ZDA5ODg5XkEyXkFqcGdeQXVyMTQxNzMzNDI@._V1_SY1000_CR0,0,640,1000_AL_.jpg</thumbnail>
</item>
 
<item>
    <title>Rambo III</title>
    <meta>
        <content>movie</content>
        <imdb>tt0095956</imdb>
        <title>Rambo III</title>
        <year>1988</year>
    </meta>
    <link>
    <sublink>search</sublink>
    </link>
    <thumbnail>https://images-na.ssl-images-amazon.com/images/M/MV5BOTIwNWJhZDItZmNmOC00M2NkLWIwNDktMTYwZWFlZDVkMmVkL2ltYWdlXkEyXkFqcGdeQXVyNTAyODkwOQ@@._V1_SY1000_CR0,0,666,1000_AL_.jpg</thumbnail>
</item>
 
<item>
    <title>Rambo</title>
    <meta>
        <content>movie</content>
        <imdb>tt0462499</imdb>
        <title>Rambo</title>
        <year>2008</year>
    </meta>
    <link>
    <sublink>search</sublink>
    </link>
    <thumbnail>https://images-na.ssl-images-amazon.com/images/M/MV5BMTI5Mjg1MzM4NF5BMl5BanBnXkFtZTcwNTAyNzUzMw@@._V1_SY1000_CR0,0,674,1000_AL_.jpg</thumbnail>
</item>
 
 <item>
  <title>Reservoir Dogs</title>
  <meta>
   <content>movie</content>
   <imdb>tt0105236</imdb>
   <title>Reservoir Dogs</title>
   <year>1992</year>
  </meta>
  <link>
  <sublink>search</sublink>
  </link>
  <thumbnail>https://images-na.ssl-images-amazon.com/images/M/MV5BZmExNmEwYWItYmQzOS00YjA5LTk2MjktZjEyZDE1Y2QxNjA1XkEyXkFqcGdeQXVyMTQxNzMzNDI@._V1_.jpg</thumbnail>
 </item>
 
<item>
    <title>Rocky</title>
    <meta>
        <content>movie</content>
        <imdb>tt0075148</imdb>
        <title>Rocky</title>
        <year>1976</year>
    </meta>
    <link>
    <sublink>search</sublink>
    </link>
    <thumbnail>https://images-na.ssl-images-amazon.com/images/M/MV5BMTY5MDMzODUyOF5BMl5BanBnXkFtZTcwMTQ3NTMyNA@@._V1_SY1000_CR0,0,666,1000_AL_.jpg</thumbnail>
</item>
 
<item>
    <title>Rocky II</title>
    <meta>
        <content>movie</content>
        <imdb>tt0079817</imdb>
        <title>Rocky II</title>
        <year>1979</year>
    </meta>
    <link>
    <sublink>search</sublink>
    </link>
    <thumbnail>https://images-na.ssl-images-amazon.com/images/M/MV5BOTZmYzA4N2YtMzA1NS00OTU0LWJiNWItNDUxOWRiMGVjZjJkL2ltYWdlXkEyXkFqcGdeQXVyNTAyODkwOQ@@._V1_SY1000_CR0,0,629,1000_AL_.jpg</thumbnail>
</item>
 
<item>
    <title>Rocy III</title>
    <meta>
        <content>movie</content>
        <imdb>tt0084602</imdb>
        <title>Rocky III</title>
        <year>1982</year>
    </meta>
    <link>
    <sublink>search</sublink>
    </link>
    <thumbnail>https://images-na.ssl-images-amazon.com/images/M/MV5BMTMyOTYzMDMzMF5BMl5BanBnXkFtZTcwMTkzODM1NA@@._V1_SY1000_CR0,0,666,1000_AL_.jpg</thumbnail>
</item>
 
<item>
    <title>Rocky IV</title>
    <meta>
        <content>movie</content>
        <imdb>tt0089927</imdb>
        <title>Rocky IV</title>
        <year>1985</year>
    </meta>
    <link>
    <sublink>search</sublink>
    </link>
    <thumbnail>https://images-na.ssl-images-amazon.com/images/M/MV5BMTg3ODk5ODE0NV5BMl5BanBnXkFtZTcwNDkzODM1NA@@._V1_SY1000_CR0,0,645,1000_AL_.jpg</thumbnail>
</item>
 
<item>
    <title>Rocky V</title>
    <meta>
        <content>movie</content>
        <imdb>tt0100507</imdb>
        <title>Rocky V</title>
        <year>1990</year>
    </meta>
    <link>
    <sublink>search</sublink>
    </link>
    <thumbnail>https://images-na.ssl-images-amazon.com/images/M/MV5BMTM2Mzc4MTYxM15BMl5BanBnXkFtZTcwODY5NTk1NA@@._V1_SY1000_CR0,0,666,1000_AL_.jpg</thumbnail>
</item>
 
<item>
    <title>Rocky Balboa</title>
    <meta>
        <content>movie</content>
        <imdb>tt0479143</imdb>
        <title>Rocky Balboa</title>
        <year>2006</year>
    </meta>
    <link>
    <sublink>search</sublink>
    </link>
    <thumbnail>https://images-na.ssl-images-amazon.com/images/M/MV5BNWIyNmQyNjctYmVmMS00MGI4LWIxMmUtNjA0ODYzOTA0Yjk0L2ltYWdlXkEyXkFqcGdeQXVyNTAyODkwOQ@@._V1_SX722_CR0,0,722,999_AL_.jpg</thumbnail>
</item>
 
<item>
  <title>Creed</title>
  <meta>
   <content>movie</content>
   <imdb>tt3076658</imdb>
   <title>Creed</title>
   <year>2015</year>
  </meta>
  <link>
  <sublink>search</sublink>
  </link>
  <thumbnail>https://images-na.ssl-images-amazon.com/images/M/MV5BODg5NDM1MDI4NF5BMl5BanBnXkFtZTgwMzg0MzQxNzE@._V1_SY1000_CR0,0,674,1000_AL_.jpg</thumbnail>
 </item>
 
 
<item>
  <title>Saving Private Ryan</title>
  <meta>
   <content>movie</content>
   <imdb>tt0120815</imdb>
   <title>Saving Private Ryan</title>
   <year>1998</year>
  </meta>
  <link>
  <sublink>search</sublink>
  </link>
  <thumbnail>https://images-na.ssl-images-amazon.com/images/M/MV5BZjhkMDM4MWItZTVjOC00ZDRhLThmYTAtM2I5NzBmNmNlMzI1XkEyXkFqcGdeQXVyNDYyMDk5MTU@._V1_SY1000_CR0,0,679,1000_AL_.jpg</thumbnail>
 </item>
 
<item>
    <title>Se7en</title>
    <meta>
        <content>movie</content>
        <imdb>tt0114369</imdb>
        <title>Se7en</title>
        <year>1995</year>
    </meta>
    <link>
    <sublink>search</sublink>
    </link>
    <thumbnail>https://images-na.ssl-images-amazon.com/images/M/MV5BOTUwODM5MTctZjczMi00OTk4LTg3NWUtNmVhMTAzNTNjYjcyXkEyXkFqcGdeQXVyNjU0OTQ0OTY@._V1_SY1000_CR0,0,639,1000_AL_.jpg</thumbnail>
</item>
 
<item>
    <title>Season of the Witch</title>
    <meta>
        <content>movie</content>
        <imdb>tt0479997</imdb>
        <title>Season of the Witch</title>
        <year>2011</year>
    </meta>
    <link>
    <sublink>search</sublink>
    </link>
    <thumbnail>https://images-na.ssl-images-amazon.com/images/M/MV5BMzc3MjYxNzg2N15BMl5BanBnXkFtZTcwNzQyMTkwNA@@._V1_SY1000_CR0,0,675,1000_AL_.jpg</thumbnail>
</item>
 
<item>
    <title>See No Evil, Hear No Evil</title>
    <meta>
        <content>movie</content>
        <imdb>tt0098282</imdb>
        <title>See No Evil, Hear No Evil</title>
        <year>1989</year>
    </meta>
    <link>
    <sublink>search</sublink>
    </link>
    <thumbnail>https://images-na.ssl-images-amazon.com/images/M/MV5BODQ1YWFmNDEtMDMyMi00OWU5LWIwMDktYjE1YjcwZjBlNDBlXkEyXkFqcGdeQXVyNjQ2MjQ5NzM@._V1_SY1000_CR0,0,666,1000_AL_.jpg</thumbnail>
</item>
<item>
  <title>Sorted</title>
  <meta>
   <content>movie</content>
   <imdb>tt0221563</imdb>
   <title>Sorted</title>
   <year>2000</year>
  </meta>
  <link>
  <sublink>https://streamango.com/f/eocdqtrknflmmntt</sublink>
  <sublink>https://youtu.be/wXMx6eV_4pE</sublink>
  <sublink>search</sublink>
  <sublink>searchsd</sublink>
  </link>
  <thumbnail>https://images-na.ssl-images-amazon.com/images/M/MV5BMTQyMjQ5MDY2MF5BMl5BanBnXkFtZTcwMDIxNzMyMQ@@._V1_.jpg</thumbnail>
 </item>
 
<item>
  <title>Smokey and the Bandit</title>
  <meta>
   <content>movie</content>
   <imdb>tt0076729</imdb>
   <title>Smokey and the Bandit</title>
   <year>1977</year>
  </meta>
  <link>
  <sublink>search</sublink>
  <sublink>searchsd</sublink>
  </link>
  <thumbnail>https://images-na.ssl-images-amazon.com/images/M/MV5BNmViNzZjZTEtODY4MS00Y2U1LWI1NTgtYjk5M2NiMTMxMzY4L2ltYWdlL2ltYWdlXkEyXkFqcGdeQXVyMjU5OTg5NDc@._V1_SY1000_CR0,0,671,1000_AL_.jpg</thumbnail>
 </item>
 
<item>
  <title>Snatch</title>
  <meta>
   <content>movie</content>
   <imdb>tt0208092</imdb>
   <title>Snstch</title>
   <year>2009</year>
  </meta>
  <link>
  <sublink>search</sublink>
  </link>
  <thumbnail>https://images-na.ssl-images-amazon.com/images/M/MV5BMTA2NDYxOGYtYjU1Mi00Y2QzLTgxMTQtMWI1MGI0ZGQ5MmU4XkEyXkFqcGdeQXVyNDk3NzU2MTQ@._V1_SY1000_SX684_AL_.jpg</thumbnail>
 </item>

 <item>
  <title>Spider-Man: Homecoming</title>
  <meta>
   <content>movie</content>
   <imdb>tt2250912</imdb>
   <title>Spider-Man: Homecoming</title>
   <year>2017</year>
  </meta> 
  <link>
  <sublink>search</sublink>
  <sublink>searchsd</sublink>
  </link>
  <thumbnail>https://images-na.ssl-images-amazon.com/images/M/MV5BNTk4ODQ1MzgzNl5BMl5BanBnXkFtZTgwMTMyMzM4MTI@._V1_SY1000_CR0,0,658,1000_AL_.jpg</thumbnail>
 </item>

<item>
  <title>Stand by Me</title>
  <meta>
   <content>movie</content>
   <imdb>tt0092005</imdb>
   <title>Stand by Me</title>
   <year>1986</year>
  </meta>
  <link>
  <sublink>search</sublink>
  </link>
  <thumbnail>https://image.tmdb.org/t/p/w1280/7QbJa6syM4ZYxtey0d7qB7bmhzb.jpg</thumbnail>
 </item>
 
<item>
  <title>Star Wars: Episode I - The Phantom Menace</title>
  <meta>
   <content>movie</content>
   <imdb>tt0120915</imdb>
   <title>Star Wars: Episode I - The Phantom Menace</title>
   <year>1999</year>
  </meta>
  <link>
  <sublink>search</sublink>
  </link>
  <thumbnail>https://images-na.ssl-images-amazon.com/images/M/MV5BYTRhNjcwNWQtMGJmMi00NmQyLWE2YzItODVmMTdjNWI0ZDA2XkEyXkFqcGdeQXVyNTAyODkwOQ@@._V1_SY999_SX666_AL_.jpg</thumbnail>
 </item>
 
<item>
  <title>Star Wars: Episode II - Attack of the Clones</title>
  <meta>
   <content>movie</content>
   <imdb>tt0121765</imdb>
   <title>Star Wars: Episode II - Attack of the Clones</title>
   <year>2002</year>
  </meta>
  <link>
  <sublink>search</sublink>
  </link>
  <thumbnail>https://image.tmdb.org/t/p/w1280/2vcNFtrZXNwIcBgH5e2xXCmVR8t.jpg</thumbnail>
 </item>
 
<item>
  <title>Star Wars: Episode III - Revenge of the Sith</title>
  <meta>
   <content>movie</content>
   <imdb>tt0121766</imdb>
   <title>Star Wars: Episode III - Revenge of the Sith</title>
   <year>2005</year>
  </meta>
  <link>
  <sublink>search</sublink>
  </link>
  <thumbnail>https://images-na.ssl-images-amazon.com/images/M/MV5BNTc4MTc3NTQ5OF5BMl5BanBnXkFtZTcwOTg0NjI4NA@@._V1_SY1000_SX750_AL_.jpg</thumbnail>
 </item>
 
<item>
  <title>Star Wars: Episode IV - A New Hope</title>
  <meta>
   <content>movie</content>
   <imdb>tt0076759</imdb>
   <title>Star Wars: Episode IV - A New Hope</title>
   <year>1977</year>
  </meta>
  <link>
  <sublink>search</sublink>
  </link>
  <thumbnail>https://images-na.ssl-images-amazon.com/images/M/MV5BNzVlY2MwMjktM2E4OS00Y2Y3LWE3ZjctYzhkZGM3YzA1ZWM2XkEyXkFqcGdeQXVyNzkwMjQ5NzM@._V1_SY1000_CR0,0,643,1000_AL_.jpg</thumbnail>
 </item>
 
<item>
  <title>Star Wars: Episode V - The Empire Strikes Back</title>
  <meta>
   <content>movie</content>
   <imdb>tt0080684</imdb>
   <title>Star Wars: Episode V - The Empire Strikes Back</title>
   <year>1980</year>
  </meta>
  <link>
  <sublink>search</sublink>
  </link>
  <thumbnail>https://images-na.ssl-images-amazon.com/images/M/MV5BYmU1NDRjNDgtMzhiMi00NjZmLTg5NGItZDNiZjU5NTU4OTE0XkEyXkFqcGdeQXVyNzkwMjQ5NzM@._V1_SY1000_CR0,0,641,1000_AL_.jpg</thumbnail>
 </item>
 
<item>
  <title>Star Wars: Episode VI - Return of the Jedi</title>
  <meta>
   <content>movie</content>
   <imdb>tt0086190</imdb>
   <title>Star Wars: Episode VI - Return of the Jedi</title>
   <year>1983</year>
  </meta>
  <link>
  <sublink>search</sublink>
  </link>
  <thumbnail>https://images-na.ssl-images-amazon.com/images/M/MV5BOWZlMjFiYzgtMTUzNC00Y2IzLTk1NTMtZmNhMTczNTk0ODk1XkEyXkFqcGdeQXVyNTAyODkwOQ@@._V1_SY999_CR0,0,644,999_AL_.jpg</thumbnail>
 </item>
 
<item>
  <title>Star Wars: The Force Awakens</title>
  <meta>
   <content>movie</content>
   <imdb>tt2488496</imdb>
   <title>Star Wars: The Force Awakens</title>
   <year>2015</year>
  </meta>
  <link>
  <sublink>search</sublink>
  </link>
  <thumbnail>https://images-na.ssl-images-amazon.com/images/M/MV5BOTAzODEzNDAzMl5BMl5BanBnXkFtZTgwMDU1MTgzNzE@._V1_SY1000_CR0,0,677,1000_AL_.jpg</thumbnail>
 </item>
 
<item>
  <title>Rogue One: A Star Wars Story</title>
  <meta>
   <content>movie</content>
   <imdb>tt3748528</imdb>
   <title>Rogue One: A Star Wars Story</title>
   <year>2016</year>
  </meta>
  <link>
  <sublink>search</sublink>
  </link>
  <thumbnail>https://images-na.ssl-images-amazon.com/images/M/MV5BMjEwMzMxODIzOV5BMl5BanBnXkFtZTgwNzg3OTAzMDI@._V1_SY1000_SX675_AL_.jpg</thumbnail>
 </item>

<item>
  <title>Star Wars: The Last Jedi</title>
  <meta>
    <content>movie</content>
    <imdb>tt2527336</imdb>
    <title>Star Wars: The Last Jedi</title>
    <year>2017</year>
  </meta>
  <link>
    <sublink>search</sublink>
    <sublink>searchsd</sublink>
  </link>
  <thumbnail>https://images-na.ssl-images-amazon.com/images/M/MV5BMjQ1MzcxNjg4N15BMl5BanBnXkFtZTgwNzgwMjY4MzI@._V1_SY1000_CR0,0,675,1000_AL_.jpg</thumbnail>
</item>

<item>
  <title>Solo: A Star Wars Story</title>
  <meta>
    <content>movie</content>
    <imdb>tt3778644</imdb>
    <title>Solo: A Star Wars Story</title>
    <year>2018</year>
  </meta>
  <link>
    <sublink>search</sublink>
    <sublink>searchsd</sublink>
  </link>
  <thumbnail>https://m.media-amazon.com/images/M/MV5BOTM2NTI3NTc3Nl5BMl5BanBnXkFtZTgwNzM1OTQyNTM@._V1_SY1000_CR0,0,674,1000_AL_.jpg</thumbnail>
</item>
 
<item>
    <title>Suicide Squad</title>
    <meta>
        <content>movie</content>
        <imdb>tt1386697</imdb>
        <title>Suicide Squad</title>
        <year>2016</year>
    </meta>
    <link>
    <sublink>search</sublink>
    </link>
    <thumbnail>https://images-na.ssl-images-amazon.com/images/M/MV5BMjM1OTMxNzUyM15BMl5BanBnXkFtZTgwNjYzMTIzOTE@._V1_SY1000_CR0,0,674,1000_AL_.jpg</thumbnail>
</item>
 
<item>
  <title>Swordfish</title>
  <meta>
   <content>movie</content>
   <imdb>tt0244244</imdb>
   <title>Swordfish</title>
   <year>2001</year>
  </meta>
  <link>
  <sublink>search</sublink>
  </link>
  <thumbnail>https://images-na.ssl-images-amazon.com/images/M/MV5BNzk5ZmQxMWYtM2QyNi00MTY3LTlmNjItYjUwODY3Y2YwOTIwXkEyXkFqcGdeQXVyNDk3NzU2MTQ@._V1_SY1000_CR0,0,673,1000_AL_.jpg</thumbnail>
 </item>
 
<item>
    <title>Surrogates</title>
    <meta>
        <content>movie</content>
        <imdb>tt0986263</imdb>
        <title>Surrogates</title>
        <year>2009</year>
    </meta>
    <link>
    <sublink>search</sublink>
    </link>
    <thumbnail>https://images-na.ssl-images-amazon.com/images/M/MV5BMjEzMTU5OTY0Ml5BMl5BanBnXkFtZTcwMDA0NjA3Mg@@._V1_SY1000_CR0,0,674,1000_AL_.jpg</thumbnail>
</item>
</xml>